name,address,email,phone
Natural Health Supply,06031 Chinook Point,ckillik0@reuters.com,+64 (485) 180-0126
Mylan Pharmaceuticals Inc.,14744 4th Parkway,ckurdani1@salon.com,+62 (274) 653-3253
Wah Sing Pharmaceutical Limited,7 Warbler Circle,kianelli2@etsy.com,+86 (736) 597-5493
"Ortho-McNeil Janssen Pharmaceuticals, Inc.",2861 Blackbird Junction,ljaquet3@dailymail.co.uk,+963 (769) 558-4727
ARMY AND AIR FORCE EXCHANGE SERVICE,57435 Sutherland Way,ikinleyside4@wordpress.org,+62 (794) 595-8679
"Aplicare, Inc.",053 Duke Alley,ascade5@goo.ne.jp,+692 (796) 622-8190
"Bare Escentuals Beauty, Inc.",82510 Erie Hill,lstackbridge6@berkeley.edu,+252 (935) 812-8825
"Navarro Discount Pharmacies,LLC",44 Helena Road,lkmicicki7@princeton.edu,+1 (465) 318-2473
"Global Pharmaceuticals, Division of Impax Laboratories Inc.",19750 Hudson Trail,ffort8@gnu.org,+591 (858) 757-2828
"Theravance, Inc.",797 Amoth Street,ahorrell9@themeforest.net,+86 (269) 853-6730
American Health Packaging,531 Manley Road,lyssona@bigcartel.com,+86 (642) 913-0317
"Biopelle, Inc.",1 Rowland Street,fmontezb@hhs.gov,+62 (132) 166-7192
"Stratus Pharmaceuticals, Inc",948 Pankratz Trail,ntenbrugc@un.org,+7 (510) 729-3575
"Physicians Total Care, Inc.",84 Parkside Court,mpockd@eepurl.com,+505 (140) 580-8611
Cantrell Drug Company,8 Mayer Alley,foscolleee@jugem.jp,+30 (271) 695-4065
Dalian Goodwood Medical Care Ltd.,7 Hudson Road,wvahlf@icq.com,+62 (504) 641-5149
Mylan Pharmaceuticals Inc.,0 Hoepker Place,beddingtong@flickr.com,+86 (401) 418-8991
Actavis Inc.,666 Hermina Avenue,wcawthronh@miibeian.gov.cn,+351 (626) 743-1804
Rite Aid,67 Mcbride Point,jmolei@google.nl,+1 (916) 118-2735
Kosan Kozmetik Sanayi ve Ticaret A.S.,3505 Katie Street,ndanilchenkoj@tinypic.com,+57 (997) 363-1529
"ALK-Abello, Inc.",16062 Fisk Alley,rsheenk@vistaprint.com,+86 (108) 965-4799
"Nelco Laboratories, Inc.",1 Mosinee Avenue,rdonaherl@printfriendly.com,+86 (755) 814-7100
"H and P Industries, Inc. dba Triad Group",071 Laurel Park,kmousdallm@t.co,+55 (713) 898-0784
Cardinal Health,276 Milwaukee Junction,kmacaskilln@flavors.me,+86 (225) 382-0129
Sandoz Inc,0335 Kinsman Junction,amawfordo@google.es,+44 (861) 266-8783
"Libertas Pharma, Inc.",9944 Messerschmidt Plaza,rsabbertonp@imgur.com,+370 (418) 534-0610
"Pharmicell Co., Ltd.",3097 Moose Center,dllewhellinq@github.io,+86 (928) 475-8501
"Medline Industries, Inc.",25815 Wayridge Park,jgoldsr@pbs.org,+46 (412) 315-2927
"Nelco Laboratories, Inc.",562 Lawn Point,gluebberts@ucoz.com,+62 (202) 218-7025
"ALK-Abello, Inc.",860 Ridge Oak Circle,mmoffattt@yahoo.com,+351 (369) 551-2547
"Clientele, Inc.",75043 Lakeland Parkway,hkingscoteu@msu.edu,+92 (698) 754-6804
DZA Brands LLC,5882 Linden Terrace,ccardoov@foxnews.com,+232 (595) 137-5994
Valeant Pharmaceuticals North America LLC,754 Anzinger Road,nantonichw@comsenz.com,+62 (480) 687-4076
Good Neighbor Pharmacy,89889 Butternut Road,dbarreaux@nifty.com,+373 (544) 254-1459
Actavis Elizabeth LLC,0366 Lindbergh Crossing,rminihaney@cam.ac.uk,+62 (917) 518-9154
Micro Labs Limited,7145 Lakeland Trail,sdarlastonz@discovery.com,+250 (587) 422-5824
Ventura International LTD.,06 Riverside Crossing,eepiscopi10@yellowbook.com,+1 (241) 522-0212
JAFRA COSMETICS INTERNATIONAL,214 Tennessee Center,kroderick11@fda.gov,+374 (618) 829-8438
REMEDYREPACK INC.,879 Shoshone Parkway,breeday12@example.com,+62 (264) 287-1950
DZA Brands LLC,93 Daystar Crossing,rfrickey13@tamu.edu,+46 (987) 642-5598
"3LAB, Inc",74584 Nancy Drive,lmoral14@unc.edu,+52 (461) 302-2307
"Exelan Pharmaceuticals, Inc.",50 Annamark Way,estyche15@blog.com,+63 (221) 743-9303
Manchester Pharmaceuticals,79 Charing Cross Junction,lweek16@plala.or.jp,+58 (239) 895-4497
NARTEX LABORATORIOS HOMEOPATICOS SA DE CV,9 Marquette Way,ghatherill17@kickstarter.com,+51 (844) 897-7040
Avema Pharma Solutions,5 Red Cloud Street,mstowe18@hp.com,+62 (297) 108-9471
Ohm Laboratories Inc.,686 Pepper Wood Plaza,jjursch19@alibaba.com,+48 (752) 271-0448
PUREMEDY,6 Hudson Road,planglois1a@acquirethisname.com,+7 (288) 781-4123
Topco Associates LLC,5782 Butterfield Place,cpattingson1b@delicious.com,+260 (155) 430-8918
Mission Pharmacal Company,230 Vahlen Point,agownge1c@twitter.com,+1 (808) 902-5397
Dalian Rongbang Medical Healthy Devices,168 Stone Corner Court,ltylor1d@timesonline.co.uk,+420 (858) 181-7769
"Nelco Laboratories, Inc.",8 Browning Road,ebrunotti1e@indiatimes.com,+86 (741) 559-7463
Lake Erie Medical & Surgical Supply DBA Quality Care Products LLC,68186 Sunbrook Court,zdavidow1f@jalbum.net,+86 (188) 838-9373
Blaine Labs Inc.,1671 Claremont Pass,ttrattles1g@a8.net,+351 (548) 165-9945
Procter and Gamble Manufacturing Company,5096 Quincy Avenue,dargyle1h@goo.gl,+47 (655) 244-8543
"Alcon Laboratories, Inc.",5139 Mosinee Way,rcardo1i@cnbc.com,+86 (447) 940-9391
"Nelco Laboratories, Inc.",57 Harper Terrace,forrey1j@sphinn.com,+46 (871) 524-1880
Ventura Corporation LTD.,88432 Calypso Trail,dcapnor1k@msu.edu,+52 (844) 102-9537
"Taro Pharmaceuticals U.S.A., Inc.",9754 Porter Parkway,moscanlon1l@addthis.com,+972 (194) 567-5904
STAT RX USA LLC,9520 Burrows Lane,apaxforde1m@myspace.com,+63 (185) 433-1919
"HRC Laboratories, Inc.",91 International Road,geastcott1n@gmpg.org,+62 (385) 792-7941
"Arbonne International, LLC",7 Northridge Terrace,rforseith1o@hao123.com,+46 (207) 733-7685
"Paddock Laboratories, LLC",9379 Dayton Way,ebanisch1p@amazon.de,+51 (393) 807-5759
State of Florida DOH Central Pharmacy,84 Almo Terrace,cmandifield1q@phoca.cz,+86 (487) 635-0957
McKesson Packaging Services Business Unit of McKesson Corporation,1 Westridge Street,hdorow1r@forbes.com,+33 (288) 643-7617
"Janssen Pharmaceuticals, Inc.",5291 Lakeland Park,dkeaveney1s@twitpic.com,+52 (155) 710-0785
Sandoz Inc,97 Petterle Alley,dmallebone1t@accuweather.com,+86 (671) 954-0082
"JHP Pharmaceuticals, LLC.",253 Scoville Point,bbalazs1u@blogs.com,+7 (192) 742-5051
Aurobindo Pharma Limited,4893 Forest Run Plaza,icawt1v@statcounter.com,+66 (305) 990-7416
Home Smart Products,48 Esch Drive,gdsouza1w@smugmug.com,+55 (704) 660-9910
Ventura Corporation LTD,6 Manufacturers Drive,gfirks1x@clickbank.net,+62 (574) 251-0600
Rebel Distributors Corp,552 Cody Center,rbutterick1y@4shared.com,+54 (354) 229-9254
"E. Fougera & CO., A division of Fougera Pharmaceuticals Inc.",2 Heath Junction,hmerredy1z@cnbc.com,+48 (807) 582-9028
AKG Innovations LLC,7972 Pennsylvania Junction,cgoldis20@economist.com,+86 (397) 768-3298
Reckitt Benckiser LLC,47 Blaine Drive,mcaunt21@sciencedirect.com,+92 (173) 160-0600
"Cover FX Skin Care, Inc.",7 Shasta Pass,gogglebie22@ovh.net,+48 (957) 526-5426
WOCKHARDT LIMITED,00 Victoria Parkway,kchasen23@bloglovin.com,+86 (879) 821-3668
"Johnson & Johnson Healthcare Products, Division of McNEIL-PPC, Inc.",6 Basil Lane,ssimmers24@goodreads.com,+234 (777) 429-5690
"Alva-Amco Pharmacal Companies, Inc.",7 Pond Point,fbyres25@miitbeian.gov.cn,+970 (107) 655-5132
"ALK-Abello, Inc.",74 Judy Plaza,mgoodbairn26@google.ru,+63 (974) 300-6260
Unit Dose Services,025 Kipling Hill,tcassels27@vinaora.com,+48 (553) 110-8288
Sandoz Inc,1249 Northfield Court,jatyeo28@go.com,+63 (637) 585-4933
Wockhardt USA LLC.,1 Old Shore Pass,ctrippitt29@cyberchimps.com,+94 (982) 199-0993
Mission Hills S.A de C.V,42673 John Wall Road,rbosden2a@nps.gov,+86 (228) 704-0913
"Nan Mei Pharmaceutical Co., Ltd.",2095 Moulton Plaza,mszymanowski2b@taobao.com,+420 (503) 367-5254
"Nelco Laboratories, Inc.",002 Shoshone Way,hhowselee2c@imdb.com,+86 (573) 980-0520
Cardinal Health,1577 Jenifer Junction,critelli2d@weibo.com,+86 (391) 429-1992
L Perrigo Company,21681 Montana Crossing,bsaldler2e@deliciousdays.com,+7 (543) 170-2799
"GRIFOLS USA, LLC",65379 Jay Crossing,mchue2f@t-online.de,+31 (767) 342-7514
Apotheca Company,11 Dunning Point,edilleston2g@slashdot.org,+234 (246) 498-9534
Mid Valley Pharmaceuticals LLC,608 Northridge Junction,brickell2h@cafepress.com,+1 (615) 695-4526
"Nelco Laboratories, Inc.",3 Warrior Street,acuniam2i@posterous.com,+55 (948) 635-5607
"Allergy Laboratories, Inc.",33 Buell Crossing,mhestrop2j@census.gov,+995 (602) 140-9226
American Health Packaging,29 Grasskamp Point,slathy2k@ft.com,+380 (150) 572-4374
"Trinity Pharmaceuticals, LLC",16 Utah Avenue,mponte2l@sfgate.com,+48 (487) 141-2694
Sanum Kehlbeck GmbH & Co. KG,13037 Dixon Place,aglenton2m@reverbnation.com,+86 (428) 322-3524
Geri-Care Pharmaceutical Corp,0674 Roxbury Parkway,bhazelton2n@altervista.org,+86 (157) 884-7984
"Ascend Laboratories, LLC",474 Butterfield Avenue,cjanisson2o@newsvine.com,+7 (566) 960-5024
"Dispensing Solutions, Inc.",201 Mesta Pass,vugoni2p@google.fr,+86 (324) 725-0977
St Marys Medical Park Pharmacy,2 Mendota Trail,coshavlan2q@ning.com,+380 (701) 918-3261
"Kareway Product, Inc.",95 Vermont Way,avinck2r@cnet.com,+62 (302) 711-7425
Hyland's,352 Manitowish Hill,coronan2s@chronoengine.com,+33 (142) 264-8734
Natural Essentials Inc.,0349 Donald Terrace,tdive2t@oakley.com,+351 (560) 727-4478
HOMEOLAB USA INC.,5437 Sachtjen Trail,ccarding2u@umich.edu,+7 (859) 246-7585
Ionx Holdings d/b/a HelloLife Inc.,2 Waubesa Crossing,fkollach2v@indiegogo.com,+63 (558) 400-8012
"Go Smile, Inc.",463 Warrior Point,gbarnett2w@usda.gov,+86 (535) 518-6886
Ranbaxy Pharmaceuticals Inc.,970 International Pass,kskeete2x@mapy.cz,+33 (329) 815-8312
"Golden State Medical Supply, Inc",045 Bobwhite Pass,cduffie2y@utexas.edu,+63 (605) 103-3623
"Physicians Total Care, Inc.",9 West Plaza,gdizlie2z@topsy.com,+84 (459) 582-9244
"Certus Medical, Inc.",76490 Shopko Parkway,cthaller30@hc360.com,+62 (216) 998-6296
"Lupin Pharmaceuticals, Inc.",3 Brickson Park Road,nkemmis31@blogs.com,+86 (113) 604-4135
"Physicians Total Care, Inc.",1 Reinke Crossing,dminker32@harvard.edu,+972 (400) 668-2533
"Smith & Nephew, Inc.",5197 Westend Crossing,aewers33@csmonitor.com,+234 (526) 349-4405
Kosan Kozmetik Sanayi ve Ticaret A.S.,9 Lindbergh Drive,ztidcomb34@google.de,+420 (302) 977-0816
SOHM Inc.,728 Norway Maple Place,plippitt35@businesswire.com,+963 (998) 257-6901
Cardinal Health (Leader) 49781,1 Clemons Road,mmcbrady36@cafepress.com,+1 (468) 623-1117
REMEDYREPACK INC.,2306 Gale Avenue,btremblett37@blogspot.com,+95 (110) 918-7130
"Johnson & Johnson Consumer Products Company, Division of Johnson & Johnson Consumer Companies, Inc.",6 West Drive,bfrondt38@discuz.net,+63 (452) 627-9251
McKesson,9562 Algoma Parkway,aantoniewski39@devhub.com,+351 (131) 324-6170
Sun Pharma Global FZE,7 Burrows Street,abilbrook3a@chronoengine.com,+385 (463) 181-9113
AvPAK,615 Lakeland Trail,gewan3b@tamu.edu,+54 (280) 172-3604
Mylan Institutional Inc.,860 Portage Road,rbeakes3c@cnbc.com,+504 (299) 924-5667
"Blu Pharmaceuticals, LLC",77 4th Plaza,tmalam3d@mapquest.com,+33 (917) 128-6412
"Janssen Pharmaceuticals, Inc.",437 Farragut Terrace,tmarskell3e@google.it,+226 (539) 469-5713
"Watson Laboratories, Inc.",30630 Bartelt Court,mcardenoso3f@blogs.com,+86 (275) 573-3562
"MedVantx, Inc.",2279 International Point,lbesset3g@paypal.com,+48 (881) 366-2033
State of Florida DOH Central Pharmacy,51 Holy Cross Hill,arankling3h@furl.net,+216 (857) 222-4461
West-ward Pharmaceutical Corp,78 Fulton Circle,slindeboom3i@seesaa.net,+86 (806) 112-2841
"Dispensing Solutions, Inc.",432 Fordem Alley,bshipway3j@ftc.gov,+55 (838) 146-6238
"Watson Laboratories, Inc.",7210 Mcbride Trail,okippie3k@home.pl,+55 (809) 813-2275
"Breckenridge Pharmaceutical, Inc.",51786 Graceland Circle,rprati3l@mlb.com,+56 (851) 205-5289
"Boca Pharmacal, LLC",0 Granby Park,soliva3m@sogou.com,+420 (951) 919-1210
"Johnson Labs, Inc.",84891 Memorial Alley,gplampin3n@flavors.me,+86 (566) 546-0409
Teva Pharmaceuticals USA Inc,3618 Anhalt Crossing,ccurnucke3o@cargocollective.com,+967 (889) 493-9894
McKesson,21 Morningstar Place,mtoby3p@cdc.gov,+33 (553) 396-5431
Qualitest Pharmaceuticals,72 Maywood Street,wcotilard3q@histats.com,+48 (725) 179-5346
"Upsher-Smith Laboratories, Inc.",548 Continental Circle,avalentine3r@a8.net,+7 (879) 946-8177
REMEDYREPACK INC.,33 Mosinee Hill,ghatliffe3s@ihg.com,+63 (615) 384-1923
H E B,4718 Farragut Road,bgoodricke3t@intel.com,+62 (756) 176-6709
"Gavis Pharmaceuticals, LLC.",6 Scoville Circle,mlionel3u@issuu.com,+47 (261) 155-6432
"Allermed Laboratories, Inc.",733 Haas Park,djoincey3v@businesswire.com,+84 (656) 742-2682
"Nelco Laboratories, Inc.",42 Hauk Way,pmargrett3w@liveinternet.ru,+1 (816) 781-2307
Cardinal Health,9316 Jay Parkway,ahoneywood3x@sogou.com,+66 (513) 234-1836
Jubilant HollisterStier LLC,2 Arapahoe Park,wstitcher3y@tripod.com,+62 (461) 156-9849
"Pierre Fabre Dermo-Cosmetique USA, Inc.",3 Logan Park,tdillon3z@craigslist.org,+7 (493) 853-5194
Apotheca Company,74047 Crowley Park,cpurver40@dell.com,+7 (683) 683-9031
THE FEINSTEIN INSTITUTE FOR MEDICAL RESEARCH,91357 Russell Junction,dellum41@phoca.cz,+62 (297) 321-6073
AB7 Industries,186 Melvin Pass,akneeland42@biblegateway.com,+62 (640) 823-2310
"SJ Creations, Inc.",66 Bowman Court,pdelacote43@alibaba.com,+63 (842) 284-0391
"Lannett Company, Inc.",41 Bashford Pass,ecrommett44@flavors.me,+81 (260) 560-4420
TJL Enterprises Inc.,7935 Green Center,etaudevin45@wordpress.org,+502 (699) 914-1590
SHISEIDO AMERICAS CORPORATION,77062 Arrowood Plaza,sescritt46@nasa.gov,+27 (111) 251-7436
Mylan Institutional Inc.,214 Cardinal Court,tmcroberts47@seattletimes.com,+86 (429) 885-9241
Sandoz Inc.,7 Swallow Terrace,lpereira48@shinystat.com,+351 (868) 755-6952
Sun Pharma Global FZE,357 Gina Plaza,shousen49@blinklist.com,+235 (930) 758-6891
Apotheca Company,7818 Park Meadow Junction,bmclagan4a@infoseek.co.jp,+63 (401) 474-3174
Qualitest Pharmaceuticals,58 Sundown Center,lshelsher4b@weibo.com,+7 (839) 558-0317
Kosan Kozmetik Sanayi ve Ticaret A.S.,16525 Loomis Terrace,enoriega4c@amazon.co.uk,+234 (868) 743-0920
Medassure Inc.,85580 Logan Drive,rbridgnell4d@printfriendly.com,+63 (182) 335-3928
CVS PHARMACY,34 Grayhawk Avenue,gkightly4e@go.com,+52 (772) 627-0251
"Mallinckrodt, Inc.",01 Cascade Street,kashbrook4f@ftc.gov,+1 (704) 841-2749
Dr. Reddy's Laboratories Limited,1594 Maywood Plaza,dkubu4g@indiatimes.com,+52 (814) 591-5663
Unit Dose Services,1 Everett Drive,rbrocklehurst4h@fc2.com,+63 (288) 536-3279
"Deb USA, Inc.",83638 Grayhawk Pass,psnasel4i@prweb.com,+48 (322) 407-0574
"BioActive Nutritional, Inc.",890 Hanson Road,arosenfarb4j@epa.gov,+7 (348) 379-9083
HOMEOLAB USA INC.,979 Linden Place,carnowicz4k@photobucket.com,+55 (212) 766-3204
Delta Brands Inc.,212 Farwell Crossing,glambrecht4l@issuu.com,+66 (617) 462-9849
REMEDYREPACK INC.,6 Blackbird Center,arickard4m@merriam-webster.com,+7 (547) 981-4451
Bryant Ranch Prepack,14097 Morrow Junction,tbottlestone4n@alexa.com,+98 (785) 615-7477
Prasco Laboratories,353 Darwin Point,rhumberston4o@xing.com,+46 (140) 816-2489
Actavis Elizabeth LLC,008 Steensland Plaza,mlievesley4p@comcast.net,+352 (894) 910-2402
"Mutual Pharmaceutical Company, Inc.",656 Cherokee Drive,lmisken4q@wikia.com,+963 (313) 330-9170
"Vi Jon, Inc",36 Reindahl Road,bcreber4r@reddit.com,+62 (837) 127-9955
"Babor Cosmetics America, Corp.",3349 Lakeland Alley,hgrieves4s@reverbnation.com,+86 (852) 705-5190
Mylan Pharmaceuticals Inc.,4 Oneill Plaza,rcolnet4t@amazon.com,+375 (709) 269-5811
Fred's Inc.,955 Dwight Crossing,dokroy4u@posterous.com,+51 (544) 879-1014
"AMI Cosmetic Co.,Ltd.",0 Eastwood Center,rbezley4v@hatena.ne.jp,+227 (571) 510-9010
A-S Medication Solutions LLC,14708 Jackson Point,wcourtenay4w@harvard.edu,+1 (702) 360-0013
"Physicians Total Care, Inc.",9 Sutteridge Park,tcrickett4x@slideshare.net,+1 (786) 644-9292
West-Ward Pharmaceutical Corp,665 Del Mar Pass,ccammiemile4y@buzzfeed.com,+86 (214) 809-2506
Bryant Ranch Prepack,7700 Leroy Drive,fcready4z@baidu.com,+55 (495) 646-3990
BrandStorm HBC,95075 Pierstorff Park,vmacknight50@wufoo.com,+358 (527) 475-2651
Baxter Healthcare Corporation,1 Farmco Place,gcromleholme51@1und1.de,+20 (861) 458-6741
IASO Inc,30 Forest Run Plaza,ahanniger52@tiny.cc,+7 (714) 893-2097
Baxter Healthcare Corporation,796 Hallows Crossing,gworstall53@time.com,+62 (207) 205-8228
Amerisource Bergen,18 Cherokee Avenue,rfranscioni54@wikia.com,+48 (368) 930-1374
Apotheca Company,2161 Loftsgordon Center,sharriot55@webnode.com,+62 (663) 808-5491
HHS/Program Support Center/Supply Service Center,761 Fordem Point,cbateman56@topsy.com,+62 (476) 424-0838
Baxter Healthcare Corporation,2468 Delaware Way,speto57@infoseek.co.jp,+62 (393) 161-1869
Preferred Plus (Kinray),07 Hoffman Hill,eiannuzzelli58@cpanel.net,+34 (432) 790-8721
"Liddell Laboratories, Inc.",83 Sundown Pass,mfrick59@eepurl.com,+380 (638) 562-4071
"ALK-Abello, Inc.",23140 Holy Cross Plaza,lluckham5a@wufoo.com,+62 (439) 603-4236
"Synergy Formulas, Inc.",4074 Kropf Center,jcowdry5b@npr.org,+86 (111) 745-7819
Parfums Christian Dior,135 Anderson Street,hmatiashvili5c@hostgator.com,+86 (461) 756-9063
Washington Homeopathic Products,3105 Red Cloud Alley,abullivent5d@google.nl,+265 (984) 366-2809
"Wechem, Inc.",84 Bluejay Park,emaccollom5e@w3.org,+86 (598) 575-7558
PUR MINERALS,0 Spenser Crossing,mstearns5f@noaa.gov,+62 (129) 727-7246
"Hospira, Inc.",7 Kingsford Lane,btiltman5g@wufoo.com,+27 (645) 937-3547
"Nelco Laboratories, Inc.",27 Beilfuss Trail,bmacailine5h@pcworld.com,+55 (198) 609-9377
Unit Dose Services,1 Maple Circle,ghafford5i@squarespace.com,+56 (943) 688-7379
Baxter Healthcare Corporation,2 East Pass,ehadlow5j@buzzfeed.com,+86 (469) 111-9175
McKesson Packaging Services a business unit of McKesson Corporation,6683 Chinook Center,lhanrahan5k@merriam-webster.com,+92 (224) 311-6303
REMEDYREPACK INC.,980 Hovde Point,bgrissett5l@engadget.com,+58 (718) 282-9150
Skin Deep,87301 Lerdahl Avenue,mdarke5m@lulu.com,+48 (695) 588-6988
SOHM Inc.,40 Melrose Drive,coreagan5n@scribd.com,+1 (407) 422-8492
"Dr. Fresh, Inc.",6 Swallow Street,jrickeard5o@blinklist.com,+63 (411) 904-3106
Walgreen Co,488 Rutledge Circle,cforbes5p@mapquest.com,+63 (857) 214-3174
"Lifetech Resources, LLC",468 Bluejay Place,dbaynon5q@arstechnica.com,+47 (563) 325-2470
"APP Pharmaceuticals, LLC",6955 Mccormick Parkway,byarnall5r@lycos.com,+62 (889) 633-6897
NorthStar Rx LLC,10966 Jenna Road,aferrand5s@sogou.com,+86 (402) 136-1067
American Health Packaging,9533 Spenser Alley,cpinel5t@forbes.com,+31 (308) 145-1547
Heritage Pharmaceuticals Inc.,3 Sherman Point,pleggon5u@sitemeter.com,+48 (839) 632-9202
Greenstone LLC,70 Harper Avenue,hamorts5v@tiny.cc,+385 (774) 616-5163
"Merle Norman Cosmetics, Inc",4 Dapin Point,tbichard5w@wp.com,+48 (861) 541-3057
"Bioelements, Inc.",4272 Grover Point,mfideler5x@google.co.jp,+420 (768) 369-4927
"Liddell Laboratories, Inc.",7333 Arkansas Road,dcuerdall5y@comsenz.com,+970 (387) 882-1967
"Med-Health Pharma, LLC",5713 Center Point,owoollett5z@earthlink.net,+86 (705) 986-1831
Ecolab Inc.,7 Memorial Plaza,kcampkin60@github.io,+1 (386) 287-1636
McKesson,8808 Badeau Way,jhunnable61@hubpages.com,+55 (659) 469-0126
Sandoz Inc,30582 Arrowood Pass,bdevillier62@cnbc.com,+507 (578) 513-1380
ETUDE HOUSE,1 Jana Terrace,konion63@usa.gov,+86 (794) 360-9959
"Physicians Total Care, Inc.",45405 Union Road,smcquade64@psu.edu,+63 (613) 234-9123
"Elizabeth Arden, Inc",892 2nd Junction,tbooley65@technorati.com,+46 (283) 118-4482
Similasan Corporation,2 5th Court,yflorentine66@howstuffworks.com,+63 (910) 289-2828
RAANI CORPORATION,196 Weeping Birch Circle,wellph67@arizona.edu,+7 (758) 371-5669
Kmart Corporation,3 Dorton Avenue,rgrunwall68@toplist.cz,+86 (248) 484-7474
"Apotheca, Inc.",813 Summit Terrace,celmhirst69@slideshare.net,+387 (384) 463-2972
Ventura Corporation LTD,28 Jackson Avenue,hgiovannetti6a@tumblr.com,+86 (131) 455-8906
"Nelco Laboratories, Inc.",91197 Roxbury Avenue,hnafziger6b@yandex.ru,+7 (706) 683-1745
"Nelco Laboratories, Inc.",3 Carey Circle,sguterson6c@t.co,+381 (607) 621-0246
"International Labs, Inc.",31 Shoshone Point,thearl6d@statcounter.com,+62 (278) 102-2821
Alembic Pharmaceuticals Limited,55 Corry Center,mdulake6e@cdc.gov,+86 (449) 579-7478
"APP Pharmaceuticals, LLC",69 Cambridge Circle,hgodber6f@ca.gov,+351 (775) 708-2921
Lake Erie Medical & Surgical Supply DBA Quality Care Products LLC,68975 Aberg Park,fstillert6g@spotify.com,+355 (987) 630-7259
"Chain Drug Consortium, LLC (Premier Value)",976 Waxwing Court,msellstrom6h@constantcontact.com,+33 (647) 448-3253
Ventura Corporation Ltd,184 Golf Court,amaclean6i@qq.com,+998 (319) 295-4135
Wockhardt Limited,2704 Fordem Terrace,wbabbe6j@aboutads.info,+60 (822) 632-8700
"The Hain Celestial Group, Inc.",2 Sachs Way,mlegrys6k@mlb.com,+62 (166) 234-8576
ESTEE LAUDER INC,7 Coolidge Parkway,cganderton6l@biglobe.ne.jp,+48 (799) 717-7294
Premiere Enterprises,2 Northridge Avenue,abickford6m@google.pl,+62 (116) 760-7137
Unit Dose Services,9013 Schmedeman Crossing,zpatriskson6n@yellowpages.com,+86 (599) 591-8178
Baxter Healthcare Corporation,146 Amoth Street,frawsthorne6o@themeforest.net,+60 (129) 447-4021
Lundbeck LLC,67893 Carioca Parkway,tchillistone6p@51.la,+62 (393) 967-3108
"Hospira, Inc.",7582 Stone Corner Junction,cshinn6q@phoca.cz,+30 (877) 741-2132
Costco Wholesale Company,4800 Cody Center,fkennifeck6r@acquirethisname.com,+86 (811) 292-0691
Rebel Distributors Corp,697 Summer Ridge Parkway,tsaphin6s@ed.gov,+62 (979) 696-9367
Laboratoires Boiron,8836 Little Fleur Crossing,lkirkebye6t@nydailynews.com,+385 (623) 652-9028
"Productos Urologos de Mexico, S.A. de C.V.",28798 Union Lane,erispen6u@nyu.edu,+420 (238) 569-9011
Rebel Distributors Corp,7126 Independence Park,vhuster6v@bbc.co.uk,+20 (802) 766-1676
WellSpring Pharmaceutical Corporation,9 Anzinger Parkway,jcazalet6w@ovh.net,+86 (355) 428-4446
Major Pharmaceuticals,0 Vahlen Circle,hstenett6x@yahoo.com,+63 (123) 212-5135
State of Florida DOH Central Pharmacy,6 Carey Crossing,echalke6y@edublogs.org,+380 (808) 905-8492
Dollar General,9241 Stone Corner Way,rvarvara6z@domainmarket.com,+52 (356) 125-0466
Major Pharmaceuticals,537 Lake View Place,lgansbuhler70@wired.com,+46 (260) 600-2620
"Skinfix, Inc.",04 Harbort Hill,cvooght71@ibm.com,+55 (851) 135-3389
McKesson Packaging Services a business unit of McKesson Corporation,03 Toban Lane,bkarys72@cisco.com,+86 (407) 321-0060
Complete Care Medical Inc.,3 Trailsway Circle,cdasent73@usa.gov,+7 (197) 116-5510
"BioActive, Inc.",640 6th Parkway,lpetrushanko74@tiny.cc,+261 (371) 571-0677
Medtech Products Inc.,64 Havey Circle,bspennock75@xrea.com,+998 (855) 516-8009
Proficient Rx LP,7 Porter Trail,fgoskar76@ucla.edu,+7 (923) 889-5017
Carilion Materials Management,0990 Garrison Drive,tstjohn77@tuttocitta.it,+31 (685) 925-2286
Major Pharmaceuticals,2059 Red Cloud Way,rpostgate78@tmall.com,+55 (116) 214-2222
Ventura Corporation LTD,68 Leroy Court,oslipper79@marketwatch.com,+57 (871) 769-7522
Mantong,5 Hovde Circle,etebbs7a@naver.com,+92 (452) 108-4266
Akorn Inc.,9158 Jay Place,rpentercost7b@simplemachines.org,+81 (150) 120-0490
"Alcon Laboratories, Inc.",307 Cottonwood Street,nbrunini7c@wordpress.org,+62 (958) 677-2694
Mylan Pharmaceuticals Inc.,60620 Harper Parkway,eludlem7d@google.ru,+7 (597) 149-6697
Lake Erie Medical DBA Quality Care Products LLC,5 Iowa Junction,epaladino7e@hatena.ne.jp,+48 (202) 811-1066
"Lab Safety Supply, Inc.",0 East Road,dpistol7f@last.fm,+55 (906) 556-0830
Greenstone LLC,506 Doe Crossing Hill,lrappport7g@gravatar.com,+506 (179) 469-7196
Atlanta Medical Gas LLC,81 Oriole Center,hbonn7h@ftc.gov,+86 (616) 228-9890
Procter & Gamble Manufacturing Company,414 Steensland Terrace,bissacov7i@kickstarter.com,+63 (951) 582-0589
STAT RX USA LLC,45427 Redwing Court,anisen7j@parallels.com,+86 (836) 159-5909
"Nelco Laboratories, Inc.",737 Scofield Junction,dlineker7k@geocities.jp,+63 (842) 970-6975
Clinical Solutions Wholesale,05 Village Green Park,tolive7l@whitehouse.gov,+98 (594) 230-6799
Dr.Reddy's Laboratories Ltd.,11 Anhalt Crossing,aclapp7m@reddit.com,+420 (391) 943-8078
"Physicians Total Care, Inc.",1 Del Mar Park,wcownden7n@latimes.com,+86 (979) 476-3424
"Panrosa Enterprises, Inc.",7241 Spohn Lane,ekatt7o@technorati.com,+420 (553) 697-5648
"AMI Cosmetic Co.,Ltd.",126 Farmco Park,tsilvers7p@cnet.com,+33 (447) 860-8143
"AAA Pharmaceutical, Inc.",13213 Schurz Alley,dgalvan7q@omniture.com,+48 (335) 893-2345
"APP Pharmaceuticals, LLC",3 Blue Bill Park Place,mpedreschi7r@mit.edu,+55 (729) 946-0431
"Nelco Laboratories, Inc.",289 Delladonna Trail,gcubbit7s@imageshack.us,+62 (398) 863-3112
"Xiamen Anna Global Co., Ltd",659 Briar Crest Alley,kmckilroe7t@aboutads.info,+375 (406) 483-4960
"Pharmics, Inc.",7 Eggendart Alley,skelk7u@newsvine.com,+54 (521) 540-6977
Stratus Pharamceuticals,54 Monument Plaza,aswindon7v@sfgate.com,+62 (701) 738-9960
Rite Aid,532 Declaration Avenue,gteather7w@about.com,+7 (115) 135-2755
STAT Rx USA LLC,9167 Moose Drive,rbrelsford7x@ox.ac.uk,+385 (875) 607-5951
"Cover FX Skin Care, Inc.",2 Heath Way,tpharaoh7y@indiatimes.com,+48 (721) 821-8394
Supervalu Inc.,2418 Thierer Place,bmalkin7z@springer.com,+221 (235) 160-7494
"PharmaForce, Inc.",0772 Carberry Hill,seisenberg80@tmall.com,+62 (887) 649-3157
Rebel Distributors,9 Bultman Parkway,rcastagne81@tuttocitta.it,+7 (382) 418-6168
Walgreen Company,89966 Doe Crossing Hill,jstrivens82@google.com,+351 (232) 547-4765
CHANEL PARFUMS BEAUTE,48 Dakota Circle,odarmody83@stanford.edu,+63 (195) 441-7850
Novartis Pharmaceuticals Corporation,38 Carberry Avenue,ewebling84@networkadvertising.org,+62 (120) 481-7560
Kinray,3 Ridgeview Plaza,gmccrystal85@friendfeed.com,+55 (274) 460-3983
Shire US Manufacturing Inc.,437 Drewry Hill,lyakushkev86@posterous.com,+62 (127) 586-4339
Uriel Pharmacy Inc.,51179 Maple Wood Drive,njewess87@hao123.com,+62 (883) 707-7293
"Nelco Laboratories, Inc.",8533 Drewry Crossing,nrolf88@gmpg.org,+86 (850) 509-5903
King Bio Inc.,7 Vera Road,tmabon89@w3.org,+7 (659) 826-7876
"Breckenridge Pharmaceutical, Inc.",5039 Corben Junction,ksalvadori8a@accuweather.com,+255 (676) 981-9007
GlaxoSmithKline Consumer Healthcare LP,372 Old Shore Way,rhuyche8b@webnode.com,+216 (735) 159-2778
The Mentholatum Company,294 Rusk Parkway,emayger8c@cargocollective.com,+86 (749) 303-9867
Natural Health Supply,840 Ludington Circle,gmuldownie8d@washingtonpost.com,+502 (914) 624-8574
Pure Source,91394 Vahlen Place,dlammertz8e@hibu.com,+7 (905) 769-1030
"Antigen Laboratories, Inc.",261 Manitowish Avenue,mkilner8f@unesco.org,+57 (303) 838-5493
CARDINAL HEALTH,940 Shasta Junction,tyven8g@dion.ne.jp,+63 (313) 915-5546
"Native Remedies, LLC",5 Cascade Pass,cklassmann8h@github.com,+359 (542) 142-5470
"H and P Industries, Inc. dba Triad Group",85541 Ridgeway Point,vcockroft8i@cnet.com,+374 (650) 828-1554
"AvKARE, Inc.",110 Briar Crest Point,jivett8j@nbcnews.com,+63 (187) 337-9219
Torrent Pharmaceuticals Limited,3038 Village Green Lane,jjarad8k@nbcnews.com,+86 (529) 720-4376
Bryant Ranch Prepack,6587 Kensington Crossing,dnaire8l@ucoz.com,+84 (875) 676-5857
BRACCO DIAGNOSTICS INC,8474 Atwood Trail,dknotte8m@ovh.net,+234 (134) 379-6728
"Deseret Biologicals, Inc.",52413 Morningstar Pass,btitta8n@army.mil,+7 (814) 842-4767
Fusion Brands,20 Anniversary Way,bleeke8o@spiegel.de,+86 (445) 917-4945
Western Family Foods Inc,581 Starling Pass,cfesby8p@prweb.com,+86 (903) 124-7114
"Preferred Pharmaceuticals, Inc.",53169 Quincy Plaza,rbunch8q@tripod.com,+34 (516) 193-7519
LUPIN PHARMA,88180 Banding Way,djanacek8r@weibo.com,+7 (690) 352-9745
"WOONSOCKET PRESCRIPTION CENTER,INCORPORATED",9248 Hauk Parkway,zgianulli8s@mozilla.org,+33 (179) 343-5732
Apotheca Company,72 Namekagon Crossing,saspinell8t@telegraph.co.uk,+63 (691) 958-3722
NARS Cosmetics,5450 Sachs Circle,cdimmick8u@delicious.com,+62 (194) 453-2836
Jubilant HollisterStier LLC,3291 Harper Park,blampett8v@dmoz.org,+57 (294) 839-8552
"Alva-Amco Pharmacal Companies, Inc.",6 Elgar Trail,atuff8w@digg.com,+385 (819) 522-8773
REMEDYREPACK INC.,34 Doe Crossing Plaza,jpunton8x@vistaprint.com,+27 (806) 289-1857
A-S Medication Solutions LLC,0 Declaration Road,pysson8y@fema.gov,+7 (867) 192-0884
"Watson Laboratories, Inc.",4 Oxford Parkway,emcgarrell8z@discuz.net,+387 (189) 109-6077
"Skinfix, Inc.",20 Continental Trail,plawful90@nba.com,+62 (562) 774-3256
Rugby Laboratories Inc.,25 Park Meadow Trail,hgrain91@diigo.com,+62 (402) 831-1545
Guthy-Renker LLC,682 Ridgeway Center,hkmicicki92@msn.com,+55 (794) 893-5793
"Natural Creations, Inc.",64 Monterey Circle,kegginton93@netvibes.com,+55 (936) 847-0314
Procter & Gamble Manufacturing Co.,3979 Sommers Avenue,idegregario94@wiley.com,+62 (586) 288-0566
Medsource Pharmaceuticals,1102 Garrison Junction,ghaszard95@technorati.com,+54 (383) 513-4353
Cantrell Drug Company,176 Norway Maple Junction,rglader96@noaa.gov,+86 (778) 174-3821
American Health Packaging,42 Morrow Way,dpitbladdo97@blogtalkradio.com,+81 (177) 457-6435
"General Injectables & Vaccines, Inc",24 Delaware Park,kmathe98@cisco.com,+1 (513) 107-9280
STAT RX USA LLC,23 Helena Junction,cairth99@theguardian.com,+55 (299) 391-6141
"ALK-Abello, Inc.",8 7th Drive,eeasthope9a@ted.com,+62 (558) 807-4518
Procter & Gamble Manufacturing Company,7 Cody Court,dcollihole9b@earthlink.net,+86 (325) 140-6845
Alaven Pharmaceutical LLC,23743 Farwell Parkway,flonglands9c@ebay.co.uk,+27 (168) 182-7557
"Nelco Laboratories, Inc.",5 Jackson Junction,esherrum9d@washington.edu,+51 (741) 455-4280
AbbVie Inc.,82 Sullivan Center,hhurles9e@nba.com,+504 (967) 757-2717
REMEDYREPACK INC.,2889 5th Avenue,etarbatt9f@flickr.com,+57 (359) 139-6777
"Teva Parenteral Medicines, Inc.",6859 Trailsway Circle,bdebanke9g@nps.gov,+62 (350) 773-5718
"Allergy Laboratories, Inc.",41795 Manitowish Point,tbecom9h@narod.ru,+1 (406) 121-9951
Cephazone Pharma LLC,11763 Hauk Parkway,ccree9i@patch.com,+86 (870) 978-3994
Acella Pharmaceuticals,1319 Jackson Lane,wpilley9j@pinterest.com,+7 (433) 413-1788
"Golden State Medical Supply, Inc.",7470 Grayhawk Road,cdouthwaite9k@narod.ru,+86 (514) 223-0238
Topco Associates LLC,941 Carey Avenue,jhusby9l@mayoclinic.com,+86 (152) 518-4182
Procter & Gamble Manufacturing Company,0770 Orin Circle,mlyard9m@php.net,+55 (875) 232-9524
"ALK-Abello, Inc.",5 Hayes Point,myearne9n@jigsy.com,+55 (579) 704-9130
Qualitest Pharmaceuticals,99321 Hoffman Crossing,kjoselovitch9o@amazon.de,+86 (677) 759-6235
Macleods Pharmaceuticals Limited,2731 Briar Crest Place,aleare9p@bbc.co.uk,+86 (295) 732-5606
Sun Pharma Global FZE,0 Stone Corner Road,gdionisii9q@rambler.ru,+81 (494) 753-0070
Major Pharmaceuticals,91 Utah Circle,surch9r@angelfire.com,+86 (443) 855-0738
Clinical Solutions Wholesale,70901 Summer Ridge Plaza,cjellard9s@admin.ch,+355 (831) 275-1055
"Vitality Works, Inc",6 Starling Drive,claughlin9t@xing.com,+66 (132) 456-5442
Mylan Pharmaceuticals Inc.,5 Veith Parkway,ckenna9u@berkeley.edu,+84 (252) 239-5349
ReadyMeds,74108 2nd Junction,zblakeston9v@hubpages.com,+7 (216) 359-9909
"Golden State Medical Supply, Inc.",5 Carberry Center,dhamsson9w@sphinn.com,+86 (640) 110-3124
"Energique, Inc.",27 High Crossing Junction,rbestall9x@unicef.org,+86 (152) 272-2502
"ABC Compounding Co., Inc.",1 Welch Court,rbemment9y@mozilla.org,+251 (636) 427-8078
"Chattem, Inc.",4303 High Crossing Plaza,mdeverille9z@xrea.com,+55 (438) 339-9154
Cantrell Drug Company,2 Lotheville Center,rfairbracea0@phpbb.com,+86 (689) 674-5428
Octapharma Pharmazeutika Produktionsgesellschaft m.b.H.,3407 Carey Parkway,ckezoureca1@huffingtonpost.com,+62 (360) 282-2648
"AvKARE, Inc.",8120 Dapin Pass,gbullicka2@discuz.net,+1 (324) 351-5006
"The Hain Celestial Group, Inc",246 Menomonie Street,rskoylesa3@biglobe.ne.jp,+62 (479) 795-9480
Mylan Institutional Inc.,6 Kenwood Place,bplumbleya4@godaddy.com,+63 (633) 401-7744
"Akorn, Inc.",9024 Stephen Alley,bmacturlougha5@economist.com,+63 (464) 560-2126
"Native Remedies, LLC",420 Roth Point,ebraundsa6@buzzfeed.com,+375 (783) 967-5363
Supervalu Inc,64 Petterle Hill,rvarseya7@loc.gov,+967 (737) 646-5045
Aurobindo Pharma Limited,714 Iowa Parkway,mdjurisica8@ovh.net,+351 (558) 369-9630
St Marys Medical Park Pharmacy,300 Anthes Avenue,fedlera9@theatlantic.com,+33 (929) 442-1422
Hikma Pharmaceutical,4740 Grover Parkway,dhymeraa@mac.com,+46 (284) 137-4754
Medi-Physics Inc.,5 Brickson Park Center,tskydallab@businessinsider.com,+51 (820) 877-8625
"PD-Rx Pharmaceuticals, Inc.",3426 Mayer Pass,acollynsac@google.ru,+86 (943) 267-6983
Premier Value,432 Clemons Court,fcunneyad@dmoz.org,+86 (282) 626-0660
Dr.Reddy's Laboratories Limited,230 New Castle Avenue,sstolzeae@purevolume.com,+64 (206) 977-4182
Jubilant HollisterStier LLC,42282 Darwin Hill,cmacpakeaf@etsy.com,+381 (521) 324-9641
Ventura Corporation LTD.,351 Moulton Center,cmartinetsag@smugmug.com,+55 (926) 756-2003
Aidarex Pharmaceuticals LLC,53 Swallow Park,drontschah@youtu.be,+33 (421) 124-2815
Sagent Pharmaceuticals,9 Annamark Place,hguyonnetai@scribd.com,+7 (199) 465-2881
Keltman Pharmaceuticals Inc.,8 Mendota Circle,espeedyaj@noaa.gov,+266 (506) 181-8495
Clinical Solutions Wholesale,677 Welch Circle,bcollocottak@economist.com,+86 (201) 898-9145
Nnodum Pharmaceuticals,802 Forest Run Court,rroskelleyal@freewebs.com,+86 (442) 291-8178
"ATOMY CO., LTD.",3732 Darwin Terrace,rsaturleyam@360.cn,+86 (547) 368-8482
"Aphena Pharma Solutions - Tennessee, LLC",33 Chive Road,kchucksan@hud.gov,+1 (520) 352-7315
Stratus Pharamceuticals,24 Moulton Drive,bseczykao@wsj.com,+244 (637) 769-1706
GlaxoSmithKline LLC,00093 Troy Plaza,cgodneyap@youtu.be,+63 (626) 311-7532
McKesson,72 Maple Wood Hill,clinskillaq@ihg.com,+86 (657) 522-9732
"Nelco Laboratories, Inc.",526 Lakewood Trail,mhyndesar@aboutads.info,+86 (682) 594-1357
NARTEX LABORATORIOS HOMEOPATICOS SA DE CV,85 Schurz Plaza,gmcphillimeyas@nyu.edu,+62 (465) 505-5285
Cardinal Health,85117 Drewry Trail,nablottat@theglobeandmail.com,+238 (305) 452-5753
"TAI GUK PHARM. CO., LTD.",0 Beilfuss Court,hleiferau@gizmodo.com,+7 (454) 542-0277
GlaxoSmithKline LLC,162 Summerview Alley,acarthyav@surveymonkey.com,+54 (161) 998-3022
Prasco Laboratories,070 Menomonie Lane,nmcleodaw@linkedin.com,+62 (419) 488-4047
"ALK-Abello, Inc.",2119 Algoma Circle,ldellitax@scientificamerican.com,+51 (920) 346-3986
St Marys Medical Park Pharmacy,43 Blue Bill Park Circle,wpearlay@google.com.br,+86 (970) 361-3792
"KLE 2, Inc.",22 Hoepker Center,ljewellaz@hibu.com,+54 (308) 311-5006
"Allergy Laboratories, Inc.",79 Sundown Court,bduffitb0@fema.gov,+7 (422) 218-7337
Procter and Gamble Manufacturing Company,805 Summerview Circle,kgaskinsb1@sciencedaily.com,+30 (560) 799-1278
GUANGZHOU BAIYUNSHAN JINGXIUTANG PHARMACEUTICAL COMPANY,381 Knutson Terrace,dgurysb2@cnet.com,+54 (235) 445-3401
"Taro Pharmaceuticals U.S.A., Inc.",27 Grover Court,wbangleb3@rambler.ru,+1 (389) 261-8360
Homeocare Laboratories,57 Dovetail Street,ajagerb4@mozilla.org,+680 (969) 872-6900
"Physicians Total Care, Inc.",38 Russell Avenue,tspurriarb5@elpais.com,+62 (897) 335-9829
Kmart Corporation,7 Clemons Hill,mhaylorb6@yahoo.co.jp,+66 (830) 848-7294
Kinray LLC,8390 Golf Course Hill,fmcauslandb7@hc360.com,+60 (865) 501-3190
Apotex Corp,7573 Jenna Park,alightowlerb8@blogger.com,+86 (600) 298-2292
"Elizabeth Arden, Inc",38792 Mockingbird Trail,mlemarchandb9@ycombinator.com,+86 (981) 812-3784
"TONYMOLY CO., LTD.",41872 Summer Ridge Street,nmulliganba@europa.eu,+62 (309) 505-9135
SHISEIDO AMERICAS CORPORATION,276 Garrison Court,vhanburybrownbb@slideshare.net,+81 (140) 893-3613
Guthy-Renker LLC,76 Magdeline Alley,tlarkingsbc@ocn.ne.jp,+81 (623) 371-7741
"PD-Rx Pharmaceuticals, Inc.",0 Wayridge Terrace,kscarfebd@networkadvertising.org,+57 (302) 198-3043
"Fresenius Kabi USA, LLC",787 Almo Place,jbesekebe@usa.gov,+86 (189) 888-4847
Aidarex Pharmaceuticals LLC,38465 Southridge Plaza,cdudingbf@bloglovin.com,+251 (937) 257-5363
"DLC Laboratories, Inc.",6791 Forest Dale Court,pgabebg@wiley.com,+86 (705) 230-2858
"MedVantx, Inc.",7 Brown Trail,lwotherspoonbh@infoseek.co.jp,+92 (914) 741-1508
"Watson Laboratories, Inc.",602 Mayfield Park,habramovbi@wikipedia.org,+46 (426) 468-4372
KAISER FOUNDATION HOSPITALS,70 Butterfield Junction,calexsandrovichbj@answers.com,+86 (287) 338-0536
Sandoz Inc,759 Del Sol Street,cspurlingbk@vk.com,+420 (278) 775-4625
"Genentech, Inc.",0402 Farwell Junction,mcurgenvenbl@discovery.com,+374 (658) 295-1813
E. Fougera & Co. a division of Fougera Pharmaceuticals Inc.,8172 Chinook Alley,dquaintonbm@disqus.com,+62 (989) 314-9776
"Autumn Harp, Inc.",97343 Knutson Park,rcrossbn@istockphoto.com,+93 (585) 942-2773
"New Horizon Rx Group, LLC",3344 Rieder Alley,ajeskebo@cornell.edu,+62 (512) 731-1813
Baxter Healthcare Corporation,43155 Barby Crossing,oeisikowitchbp@auda.org.au,+52 (653) 608-3954
"Deseret Biologicals, Inc.",3385 Hayes Street,kcasswellbq@home.pl,+62 (573) 990-2382
Walgreen Company,2143 Ryan Drive,gfrondtbr@imdb.com,+371 (410) 682-0733
Eisai Inc.,0 Banding Pass,cgenckebs@jalbum.net,+48 (641) 886-2931
King Bio Inc.,230 Prairie Rose Plaza,blipmanbt@godaddy.com,+81 (163) 532-6174
Acme United Corporation,92 Kim Point,palbinbu@pbs.org,+86 (438) 347-1402
Cardinal Health,4929 Debra Pass,ebickerstethbv@wsj.com,+49 (893) 653-1893
Henry Schein Inc.,03760 Arkansas Center,gpaybw@ow.ly,+86 (516) 423-4685
Heel Inc,084 Buhler Drive,btollowbx@epa.gov,+55 (205) 855-0904
"Allergy Laboratories, Inc.",9415 Longview Park,lmcdonaldby@yale.edu,+351 (696) 259-5328
Greenstone LLC,74 Michigan Point,tstermanbz@blogs.com,+33 (948) 883-4435
"Golden State Medical Supply, Inc.",06072 Harper Hill,kyarrantonc0@unc.edu,+86 (282) 778-7886
"Nelco Laboratories, Inc.",413 Fordem Alley,ncasselc1@princeton.edu,+964 (365) 750-4450
Mylan Pharmaceuticals Inc.,7108 Arapahoe Court,kreichhardtc2@salon.com,+30 (369) 259-9553
"Equibal, Inc.",2619 South Way,jmichelottic3@odnoklassniki.ru,+86 (833) 844-7997
A-S Medication Solutions LLC,26090 Burrows Alley,rrelphc4@geocities.jp,+231 (373) 666-4330
"Albert Max, Inc.",1297 Prentice Lane,kgilleyc5@51.la,+27 (302) 429-9228
"SHISEIDO CO., LTD.",638 School Trail,ndionsettoc6@go.com,+55 (854) 113-7745
DSHealthcare,9486 Susan Trail,mrichfieldc7@a8.net,+63 (605) 154-8113
"X-GEN Pharmaceuticals, Inc.",07743 Walton Center,cpidgeleyc8@washingtonpost.com,+66 (307) 672-1994
Meijer Distribution Inc,24 Cottonwood Lane,hcoopc9@yelp.com,+7 (867) 306-4942
AuroMedics Pharma LLC,5357 Oak Valley Park,fslemmingca@weebly.com,+46 (696) 630-4526
REMEDYREPACK INC.,11842 Londonderry Place,babdeecb@mail.ru,+242 (756) 830-6240
"International Labs, Inc.",7774 Golden Leaf Drive,fwalderacc@cbsnews.com,+66 (793) 660-2411
"Ventura Corporation (San Juan, P.R)",61 Union Park,hheyfieldcd@pbs.org,+420 (119) 507-0906
King Bio Inc.,71 Mcguire Street,dfredece@washingtonpost.com,+66 (951) 674-2549
Clinical Solutions Wholesale,15 Basil Junction,alumblycf@wordpress.org,+57 (867) 449-0517
"Aldi, Inc",8007 David Way,glangcastlecg@cbsnews.com,+353 (711) 108-3182
Cantrell Drug Company,72 Toban Junction,thuygensch@hud.gov,+509 (804) 145-5487
JAFRA COSMETICS INTERNATIONAL,7 North Alley,eheleci@ocn.ne.jp,+86 (903) 494-3220
Rubbermaid Commercial Products LLC,968 Mcguire Alley,rsygrovescj@fc2.com,+52 (441) 830-3853
Pharbest Pharmaceuticals Inc.,63808 Jenna Parkway,mweskerck@netscape.com,+55 (454) 164-3292
ENCHANTE ACCESSORIES INC.,08125 Anhalt Hill,vgowlercl@youtube.com,+261 (788) 156-2855
NorthStar Rx LLC,42400 Amoth Pass,kratraycm@imgur.com,+55 (931) 924-5487
Cadila Healthcare Limited,37 Heath Street,rnorhenycn@psu.edu,+62 (178) 495-5649
"Takeda Pharmaceuticals America, Inc.",3 Nova Avenue,mlefrancco@marriott.com,+62 (220) 364-9681
Cardinal Health,2444 Kinsman Circle,cossennacp@uol.com.br,+57 (788) 491-2677
Homeocare Laboratories,756 Anthes Lane,lcesariccq@a8.net,+55 (821) 458-9151
REMEDYREPACK INC.,716 Linden Hill,nbraboncr@mtv.com,+351 (896) 888-1767
"Antigen Laboratories, Inc.",1061 Surrey Pass,fhazzardcs@webnode.com,+86 (610) 560-8900
MAKE UP ART COSMETICS,53763 Maryland Court,lpreshoct@weather.com,+57 (967) 553-7296
Rugby Laboratories,8 Mayer Parkway,nmattauscu@etsy.com,+62 (117) 947-1044
Guerlain S.A.,858 Loeprich Trail,vitchinghamcv@squidoo.com,+234 (516) 474-7993
"e-soup Co., Ltd.",9 Fremont Trail,rgremaincw@zimbio.com,+351 (787) 973-3845
"Nelco Laboratories, Inc.",34570 Eagle Crest Drive,cnairnecx@istockphoto.com,+51 (109) 942-9688
"Major Pharmaceuticals, Inc",13 Reinke Hill,lcharlotcy@sciencedaily.com,+970 (836) 447-9411
"Johnson & Johnson Consumer Products Co., Division of Johnson & Johnson Consumer Companies, inc.",844 Reindahl Pass,msymonescz@whitehouse.gov,+30 (805) 700-6110
Walgreen Company,881 Morningstar Court,bdunstoned0@businessinsider.com,+33 (292) 925-3357
Cardinal Health,881 Northland Street,apechetd1@telegraph.co.uk,+86 (425) 776-0009
Actavis Elizabeth LLC,2052 Blackbird Street,lfairesd2@answers.com,+7 (923) 422-1452
St Marys Medical Park Pharmacy,90 La Follette Way,zbastowd3@cyberchimps.com,+380 (160) 546-5842
"KANTIAN SKINCARE, LLC",126 Gulseth Junction,bmeasomd4@timesonline.co.uk,+20 (462) 403-7494
Boots Retail USA Inc,47961 Washington Place,dbaxstard5@wsj.com,+30 (960) 474-0043
"Eon Labs, Inc.",2 Erie Crossing,jbarttrumd6@php.net,+84 (772) 203-0169
Carilion Materials Management,6 Kenwood Crossing,ufealeyd7@google.ru,+63 (511) 198-6842
"Allermed Laboratories, Inc.",64 Nelson Parkway,lmayned8@chronoengine.com,+52 (549) 474-1069
International Beauty Exchange,9458 Mendota Way,lcelizd9@google.fr,+54 (261) 203-3061
"UCB, Inc.",911 Linden Avenue,rbarringtonda@umn.edu,+63 (789) 173-5542
Major Pharmaceutical,075 Huxley Park,wvivyandb@cafepress.com,+63 (326) 206-1628
"Amneal Pharmaceuticals of New York, LLC",07220 Rieder Way,bpoluzzidc@typepad.com,+48 (521) 967-2604
THE KROGER CO,7 Eagle Crest Parkway,ofriedlosdd@bbc.co.uk,+420 (851) 157-3578
"Jiangsu Province JianErKang Medical Dressing Co. ,Ltd.",98 Roth Terrace,tgriffeyde@ustream.tv,+62 (518) 517-4596
STAT RX USA LLC,838 5th Point,srahlofdf@comcast.net,+62 (637) 251-5633
"H.J. Harkins Company, Inc.",5 Delaware Terrace,csineydg@hibu.com,+86 (311) 167-7601
Bryant Ranch Prepack,13391 West Court,aeisikowitzdh@kickstarter.com,+86 (284) 962-3247
"Paddock Laboratories, LLC",15325 Hollow Ridge Street,abartholatdi@time.com,+351 (855) 380-4672
"Allergan, Inc.",01 Del Mar Parkway,hboxalldj@ucla.edu,+7 (783) 799-2064
Xerion Dispensary Ltd.,27019 Jana Hill,kvitalldk@techcrunch.com,+54 (962) 902-7355
Meijer Distribution Inc,7929 Forest Dale Hill,ocarruthdl@imdb.com,+86 (587) 592-8401
"Global Marketing Resources, Inc.",5 Mockingbird Terrace,tchansonnedm@mozilla.org,+58 (628) 109-3281
St Marys Medical Park Pharmacy,70 Michigan Trail,bberggrendn@unicef.org,+86 (511) 597-0062
Apotex Corp.,9989 Thackeray Way,tbibeydo@clickbank.net,+55 (945) 336-3457
"APP Pharmaceuticals, LLC",16 Mesta Hill,klongleydp@hostgator.com,+977 (905) 255-0014
"SPF Ventures, LLC",1474 Sugar Alley,bbiggerstaffdq@tripadvisor.com,+86 (533) 690-2626
McKesson Contract Packaging,6 John Wall Drive,nofihilydr@ifeng.com,+55 (280) 381-4534
Harmon Stores Inc,2057 Swallow Park,gsartends@barnesandnoble.com,+357 (546) 412-2440
COSTCO WHOLESALE CORPORATION,2 Prentice Parkway,ofowelldt@nytimes.com,+234 (192) 108-2304
Delta Brands Inc,617 Lotheville Trail,omillwalldu@bloomberg.com,+262 (163) 779-8843
WakeFern Food Corporation,9 Grover Park,zgounarddv@sfgate.com,+47 (165) 896-7155
"Babor Cosmetics America, Corp.",30915 Merrick Lane,ckorpaldw@phpbb.com,+963 (852) 714-7708
McKesson Corporation,1 Scofield Lane,hhargatedx@shop-pro.jp,+598 (553) 199-7888
Target Corporation,35 Sage Trail,cglencrashdy@ibm.com,+964 (526) 910-5151
"Mycone Dental Supply Co., Inc DBA Keystone Industries and Deepak Products Inc.",556 Dexter Place,lpratchettdz@auda.org.au,+509 (226) 818-5608
"Physicians Total Care, Inc.",3021 Moulton Center,mmarvale0@wikipedia.org,+420 (960) 338-3750
DIRECT RX,0 Waubesa Pass,vorrisse1@quantcast.com,+27 (496) 622-4835
Insight Pharmaceuticals LLC,01 Delladonna Circle,skinghornee2@technorati.com,+55 (213) 223-8201
"Taro Pharmaceuticals U.S.A., Inc.",76234 Dennis Center,sreguse3@salon.com,+55 (380) 648-4760
Major Pharmaceuticals,117 Steensland Center,jsealovee4@gnu.org,+351 (776) 401-1025
Woodbine Products Company,99 Anzinger Circle,kmadgewicke5@slate.com,+86 (146) 504-3788
Boots Retail USA Inc,1815 Maple Avenue,jbedrosiane6@joomla.org,+7 (406) 178-3047
"Hospira Worldwide, Inc.",5 Sachtjen Way,vhayforde7@bbb.org,+63 (828) 922-8682
Dr.Reddy's Laboratories Limited,27 Eagan Trail,ldwyre8@yellowbook.com,+970 (299) 282-8556
Lancaster S.A.M.,737 Graceland Trail,jmariene9@cocolog-nifty.com,+86 (875) 258-9195
"SAVAGE LABORATORIES, A division of Nycomed US Inc.",27162 Randy Lane,mgockeea@blinklist.com,+234 (849) 308-1180
L'Oreal USA Products Inc,61441 Vernon Lane,dworwoodeb@nasa.gov,+33 (465) 894-5185
Bare Escentuals Beauty Inc.,5358 Spaight Court,ywarcopec@soup.io,+57 (193) 603-8833
West-ward Pharmaceutical Corp.,2011 Menomonie Point,cughinied@zdnet.com,+62 (694) 216-1443
"MSD Consumer Care, Inc.",26 Farmco Avenue,bfenelowee@liveinternet.ru,+380 (941) 353-6285
TAGI Pharma Inc.,681 Vera Way,twebbef@dropbox.com,+54 (731) 416-0088
"Inel Cosmetics Co., Ltd.",414 Mockingbird Plaza,jcartmaleeg@quantcast.com,+963 (282) 524-4640
Procter & Gamble Manufacturing Company,06 Pepper Wood Crossing,dkenwoodeh@yandex.ru,+375 (528) 684-5860
"MSD Consumer Care, Inc.",468 Old Gate Crossing,jbambroughei@seattletimes.com,+225 (897) 253-8749
Apotheca Company,880 Nevada Way,idesbrowej@dedecms.com,+20 (166) 774-5609
Drogefar C.A.,187 Ridge Oak Alley,ehauxbyek@patch.com,+55 (871) 407-8403
Apotex Corp.,6 Longview Trail,awillgossel@ameblo.jp,+60 (212) 832-4143
"Antigen Laboratories, Inc.",45 Meadow Ridge Parkway,cwolverem@state.gov,+212 (189) 362-7653
Procter & Gamble Manufacturing Company,04890 Pankratz Hill,gkeyzmanen@sourceforge.net,+86 (871) 452-4728
STAT Rx USA LLC,3 Evergreen Alley,ppatchetteo@auda.org.au,+86 (441) 193-4790
Kroger Company,2 Ridgeway Court,vgeelyep@ning.com,+261 (309) 811-2194
"Johnson & Johnson Consumer Products Company, Division of Johnson & Johnson Consumer Companies, Inc.",68 Glendale Road,whanfordeq@flickr.com,+86 (120) 856-0644
STAT RX USA LLC,59069 Twin Pines Circle,fgairer@live.com,+81 (498) 814-5872
Boehringer Ingelheim Pharmaceuticals Inc.,05 Dennis Alley,cbardes@google.es,+81 (674) 685-5449
"Armstrong Pharmaceuticals, Inc.",8 Shasta Park,fchampet@yellowbook.com,+62 (534) 774-2707
The Mentholatum Company,7378 Bowman Drive,tosaneu@soundcloud.com,+62 (886) 322-0713
"Rejoice International, Inc.",04312 Cambridge Pass,qhumesev@sbwire.com,+7 (768) 985-0468
REMEDYREPACK INC.,147 Coleman Alley,mgrocottew@craigslist.org,+967 (708) 217-9471
Epic Pharma LLC,82346 Jenifer Point,ctalbyex@abc.net.au,+48 (398) 904-7857
"Antigen Laboratories, Inc.",260 Northridge Lane,mmathetey@howstuffworks.com,+264 (308) 303-6012
Rebel Distributors Corp,73297 Carberry Park,mgerrelsez@usgs.gov,+351 (972) 487-1563
International Beauty Exchange,544 Nelson Drive,jdurnallf0@google.nl,+370 (814) 309-9448
Rebel Distributors Corp,7 Thackeray Court,skittredgef1@si.edu,+226 (789) 575-5381
Cardinal Health,457 Upham Hill,jgrzeszczakf2@diigo.com,+60 (689) 277-0076
Eli Lilly and Company,3 Stang Crossing,ddunsterf3@csmonitor.com,+86 (101) 668-8097
"Somabella Laboratories, LLC",04 Sunnyside Pass,gmonierf4@bandcamp.com,+371 (464) 200-1769
Dispensing Solutions Inc.,9 Jenifer Pass,gbeazeyf5@arstechnica.com,+62 (938) 966-0241
CVS Pharmacy,4 Nova Plaza,dgravef6@cloudflare.com,+86 (413) 238-5964
"ALK-Abello, Inc.",55 Iowa Plaza,bbullasf7@sohu.com,+359 (982) 418-1527
REMEDYREPACK INC.,48 Becker Circle,fbedsonf8@yahoo.co.jp,+86 (221) 786-7723
"Menper Distributors, Inc.",8101 Maywood Place,rdoidgef9@slashdot.org,+86 (162) 451-7661
"Matrixx Initiatives, Inc.",42630 Rusk Circle,ejoutapaitisfa@soundcloud.com,+7 (788) 342-9909
Ventura Corporation LTD,0825 Pond Pass,kstiveyfb@foxnews.com,+20 (549) 724-2745
Gurwitch Products,41045 Barnett Street,drevelandfc@businessweek.com,+420 (166) 179-2104
"Preferred Pharmaceuticals, Inc.",5437 Anniversary Point,dcaldarofd@creativecommons.org,+48 (489) 628-5869
"Global Pharmaceuticals, Division of Impax Laboratories Inc.",2 Spenser Road,lgoodingfe@wikispaces.com,+39 (973) 764-5995
Rite Aid,3870 Division Lane,gsnookff@vk.com,+54 (813) 756-1260
Pioneer Associates,2 Victoria Hill,dorchartfg@jiathis.com,+63 (118) 383-0973
University Medical Pharmaceuticals Corp,876 Brickson Park Hill,fyoudellfh@domainmarket.com,+62 (428) 474-5883
Cardinal Health,1 Bartelt Junction,jfindersfi@guardian.co.uk,+256 (119) 435-7027
Sun Pharma Global FZE,623 Mallard Lane,taveriesfj@meetup.com,+371 (921) 509-6544
Sagent Pharmaceuticals,6753 Dwight Circle,dolfertfk@adobe.com,+30 (322) 718-7466
Cardinal Health,6818 Brickson Park Lane,amoycefl@whitehouse.gov,+63 (393) 656-6281
"Deseret Biologicals, Inc.",3 Ridgeway Crossing,mlegatefm@example.com,+355 (988) 274-4642
Janssen Cosmetics GmbH,2 Chive Parkway,cdeclerkfn@domainmarket.com,+963 (932) 564-5762
"Derma Sciences Canada, Inc.",749 Ryan Point,mkleinmintzfo@google.co.uk,+880 (698) 412-7067
Water-Jel Technologies,435 Saint Paul Circle,hdustingfp@tamu.edu,+7 (675) 244-4190
Hyland's,23 Bobwhite Junction,oashmentfq@stumbleupon.com,+82 (200) 790-5709
"Swiss American Products,Inc.",2850 Lake View Pass,jnaldrettfr@ed.gov,+30 (493) 789-9930
"Fresenius Kabi USA, LLC",56131 Hanson Street,bpetrosellifs@fc2.com,+63 (306) 918-6148
Kmart Corporation,683 Drewry Court,yvellenderft@histats.com,+39 (860) 309-8950
"Physicians Total Care, Inc.",9960 Nancy Junction,amalimfu@purevolume.com,+94 (978) 587-6160
"County Line Pharmaceuticals, LLC",50099 Sutherland Pass,sheinickefv@pbs.org,+52 (531) 445-8125
Spear Dermatology Products,49951 Maryland Junction,ebevesfw@fc2.com,+48 (755) 503-5908
Seton Pharmaceuticals,1580 Stone Corner Avenue,bfollinfx@admin.ch,+7 (291) 758-6823
"Nelco Laboratories, Inc.",71507 Rowland Center,tharriskinefy@sakura.ne.jp,+351 (321) 868-8507
Hyland's,38956 Forest Park,mcallwayfz@ebay.com,+998 (111) 258-7053
Cardinal Health,0443 Packers Alley,hcockshotg0@ca.gov,+7 (356) 594-3803
"Hospira, Inc.",0531 Drewry Trail,dregenhardtg1@soup.io,+62 (393) 707-2408
The Mentholatum Company,541 Summerview Street,dboultg2@feedburner.com,+45 (130) 353-1427
Teva Pharmaceuticals USA Inc,835 Bluejay Parkway,ahansmang3@scribd.com,+62 (194) 716-0444
Ranbaxy Laboratories Inc.,55869 Prairie Rose Trail,mkilshallg4@goodreads.com,+62 (674) 194-1977
Bausch & Lomb Incorporated,6496 Hovde Park,dpetrollog5@stumbleupon.com,+380 (338) 884-9530
Premier Brands of America Inc.,92038 Red Cloud Street,gboatg6@dropbox.com,+55 (931) 863-7232
AMOREPACIFIC,37654 Heffernan Park,eocuddieg7@oaic.gov.au,+251 (326) 786-9867
H E B,1852 Stephen Drive,bgiordanog8@hp.com,+48 (182) 619-3481
"Hospira, Inc.",3163 Charing Cross Street,rcawdellg9@ucsd.edu,+359 (773) 993-6933
PharmaDerm a division of Fougera Pharmaceuticals Inc.,4 Spohn Court,vbozworthga@macromedia.com,+380 (740) 827-6811
STAT RX USA LLC,949 Blue Bill Park Circle,fbrizellgb@lycos.com,+48 (981) 340-6581
Mangiacotti Floral LLC,78928 Kipling Drive,cdowneygc@histats.com,+86 (711) 906-3610
"NCS HealthCare of KY, Inc dba Vangard Labs",398 Independence Trail,gjedrzejkiewiczgd@ovh.net,+591 (192) 257-2406
Wockhardt USA LLC.,623 Bellgrove Terrace,smcterrellyge@sciencedaily.com,+63 (934) 772-5779
Cellinbio Co Ltd,049 Clyde Gallagher Avenue,smcgoverngf@aol.com,+595 (385) 850-9784
"NCS HealthCare of KY, Inc dba Vangard Labs",2919 Park Meadow Lane,cmeecegg@mtv.com,+86 (792) 218-3748
Baush & Lomb Incorporated,192 Shopko Alley,okreuzergh@bandcamp.com,+62 (739) 738-5217
"Hospira, Inc.",33 Sundown Terrace,fmckitterickgi@gnu.org,+86 (996) 667-3294
Northwind Pharmaceuticals,16671 Hazelcrest Point,sstaniforthgj@artisteer.com,+62 (926) 174-2986
Allied Pharma Inc,199 Killdeer Center,dbonafacinogk@usnews.com,+55 (387) 872-5144
"Nelco Laboratories, Inc.",7 Chinook Street,hthezegl@github.io,+86 (438) 504-2168
"Upsher-Smith Laboratories, Inc.",86415 Canary Parkway,kwichergm@nba.com,+850 (944) 201-0999
Synergy Formulas,62 Mesta Center,coleshuningn@addthis.com,+372 (984) 992-3748
"ALK-Abello, Inc.",3345 Bay Way,rrobynsgo@google.com.br,+504 (850) 979-7148
REMEDYREPACK INC.,335 Artisan Trail,iegergp@cisco.com,+385 (551) 930-5525
"Ascend Laboratories, LLC",88895 Ilene Lane,omcatamneygq@paypal.com,+54 (722) 820-9085
"Johnson & Johnson Consumer Products Company, Division of Johnson & Johnson Consumer Companies, Inc.",1 Glacier Hill Way,dwatkissgr@ovh.net,+46 (925) 646-3202
Kroger Company,918 High Crossing Point,wormondgs@hugedomains.com,+86 (734) 290-9013
AptaPharma Inc.,2005 Columbus Terrace,fblasinggt@kickstarter.com,+57 (699) 636-9678
"Amneal Pharmaceuticals, LLC",84238 Vernon Street,ccecigu@list-manage.com,+33 (746) 684-5998
Washington Homeopathic Products,3172 Sauthoff Plaza,egounelgv@skyrock.com,+30 (327) 289-5225
"Quality Home Healthcare, Inc.",70323 Farmco Point,lhawtongw@state.tx.us,+967 (936) 904-4942
CHANEL PARFUMS BEAUTE,56866 Everett Hill,fbamboroughgx@google.ru,+81 (350) 331-0172
Keltman Pharmaceuticals Inc.,5 Arkansas Court,mvasyunichevgy@360.cn,+33 (768) 970-7709
Lake Erie Medical Surgical & Supply DBA Quality Care Products LLC,449 Little Fleur Pass,jmathwingz@pen.io,+55 (860) 301-5125
GlaxoSmithKline LLC,0 Cardinal Place,bduminih0@jigsy.com,+880 (850) 995-7967
"BioActive Nutritional, Inc.",773 Corben Hill,cmilberryh1@ihg.com,+62 (815) 198-0231
"PETNET Solutions, Inc.",59310 Thackeray Place,rgarrawayh2@behance.net,+46 (559) 407-7379
Mylan Pharmaceuticals Inc.,64 Scoville Lane,ykernarh3@cbc.ca,+62 (377) 337-6337
Proficient Rx LP,1660 Grim Place,mfrugierh4@fc2.com,+62 (533) 848-4685
"Physicians Total Care, Inc.",0 Banding Crossing,gbuzekh5@newsvine.com,+1 (187) 676-9576
Mylan Institutional Inc.,6459 Waubesa Hill,idarmodyh6@friendfeed.com,+598 (708) 948-6679
A-S Medication Solutions LLC,4976 Hermina Parkway,kpeeth7@networksolutions.com,+57 (947) 788-5030
Meijer Distribution Inc,57 Aberg Point,ssevilleh8@jalbum.net,+57 (215) 528-1785
CVS Pharmacy,1 Pearson Alley,owhittingtonh9@mapy.cz,+7 (454) 266-6836
"Antigen Laboratories, Inc.",00604 Golden Leaf Parkway,cmoncrieffeha@fda.gov,+503 (254) 539-3299
"True Botanica, LLC",7 Butterfield Way,ksustinshb@flickr.com,+380 (781) 877-8649
Advanced Generic Corporation,4361 Gateway Circle,ashinnhc@cmu.edu,+1 (352) 349-2392
Velocity Pharma,141 Mariners Cove Plaza,ghabgoodhd@bbc.co.uk,+51 (967) 676-6126
Bryant Ranch Prepack,6 Heath Crossing,ecalderahe@usa.gov,+39 (610) 137-8747
Cardinal Health,76662 Hallows Avenue,kesilmonhf@topsy.com,+258 (210) 361-1832
"Lil' Drug Store Products, Inc",5256 Sunnyside Trail,scristofolinihg@boston.com,+62 (460) 479-5709
L Perrigo Company,94013 Lotheville Circle,kwebburnhh@ftc.gov,+48 (574) 744-6091
"Stephen L. LaFrance Pharmacy, Inc.",79 Sunbrook Circle,pdobbyhi@xing.com,+1 (684) 565-9469
Apotheca Company,528 Clyde Gallagher Place,dlevinghj@constantcontact.com,+62 (279) 165-4118
"Nelco Laboratories, Inc.",80 Donald Crossing,dbreedehk@google.es,+967 (358) 824-8089
"Antigen Laboratories, Inc.",06 Northwestern Place,aarnauduchl@arizona.edu,+1 (890) 142-0326
Pharmacia and Upjohn Company,92335 Melody Trail,gbinhamhm@nba.com,+55 (339) 966-7596
Sagent Pharmaceuticals,00652 Center Court,ashottonhn@mit.edu,+55 (982) 934-7427
Rebel Distributors Corp,2671 Ridge Oak Place,mlewsyho@nationalgeographic.com,+7 (132) 972-6347
Laboratoires Clarins S.A.,683 Hansons Place,lfavillhp@cnn.com,+63 (910) 203-7783
HOMEOLAB USA INC,971 Russell Crossing,nflemminghq@discuz.net,+63 (696) 482-4558
"ALK-Abello, Inc.",8 Basil Street,gsiffletthr@etsy.com,+49 (899) 588-1949
"Dr. Fresh, Inc.",49 Clove Point,wbatsonhs@noaa.gov,+387 (174) 924-4655
Contract Pharmacy Services-PA,5 Bartelt Road,ascobbieht@vinaora.com,+55 (759) 377-0432
Washington Homeopathic Products,339 Mayer Plaza,cflewanhu@furl.net,+504 (505) 775-9218
Baxter Healthcare Corporation,99696 Myrtle Lane,cliddardhv@php.net,+63 (593) 771-1189
"DLC LABORATORIES, INC.",36349 Kipling Junction,laggushw@histats.com,+255 (430) 250-1141
"General Injectables & Vaccines, Inc",97888 Larry Hill,ableasdalehx@shinystat.com,+998 (102) 406-7044
"Nelco Laboratories, Inc.",79011 Rowland Park,ischieferstenhy@cargocollective.com,+86 (777) 434-8231
"SJ Creations, Inc.",056 Glendale Lane,pdomesdayhz@dedecms.com,+48 (435) 488-3187
Blistex Inc,6 Sheridan Court,gpoulsumi0@cpanel.net,+359 (466) 244-9760
"Boehringer Ingelheim Pharmaceuticals, Inc.",9 Ronald Regan Circle,smaccaulli1@nps.gov,+62 (415) 550-3375
"Carma Laboratories, Inc.",89642 Sachtjen Point,mhakei2@sbwire.com,+86 (345) 420-6337
Major Pharmaceuticals,4 Packers Court,uhanniganei3@mysql.com,+381 (419) 601-1062
Dr.Reddy's laboratories Ltd.,712 Cascade Junction,iburkerti4@marketwatch.com,+86 (275) 680-9308
"Preferred Pharmaceuticals, Inc",0464 Independence Point,ahowsami5@samsung.com,+33 (409) 111-1282
Lake Erie Medical & Surgical Supply DBA Quality Care Products LLC,76859 Bartelt Way,kdeblasioi6@unblog.fr,+62 (300) 696-7303
Wakefern Food Corporation,3 Norway Maple Alley,bdoddemeadei7@booking.com,+62 (430) 459-5474
"Med Health Pharma, LLC",8480 Cordelia Lane,cismeadi8@tripadvisor.com,+86 (964) 941-2116
MEGASOL COSMETIC GMBH,97 Coolidge Plaza,psahlstromi9@so-net.ne.jp,+62 (755) 565-5417
"NCS HealthCare of KY, Inc dba Vangard Labs",8 Pankratz Park,iclayillia@china.com.cn,+7 (304) 518-5411
"Hyland's, Inc.",6 Maywood Trail,dakastib@intel.com,+53 (319) 934-6188
SAFEWAY INC,86 Dwight Circle,ascohieric@taobao.com,+385 (963) 164-4347
REMEDYREPACK INC.,130 Roxbury Court,naggusid@blogtalkradio.com,+27 (187) 890-3822
Bryant Ranch Prepack,06675 Basil Avenue,eboundyie@nature.com,+224 (634) 367-6387
"Johnson & Johnson Healthcare Products, Division of McNEIL-PPC, Inc.",41 Bay Center,slorenzif@disqus.com,+86 (207) 380-1684
"International Labs, Inc.",57757 Spaight Trail,bkilrowig@merriam-webster.com,+56 (967) 399-6324
"PD-Rx Pharmaceuticals, Inc.",395 Ridgeview Crossing,mthickpennyih@chicagotribune.com,+373 (832) 313-6047
"Inel Cosmetics Co., Ltd.",60 Golf View Circle,gyashnovii@unicef.org,+86 (462) 333-4171
Topco Associates LLC,0077 American Ash Junction,cgehringerij@freewebs.com,+86 (921) 960-6874
Mylan Pharmaceuticals Inc.,2 Namekagon Court,mpoteik@mit.edu,+86 (400) 402-6419
KAISER FOUNDATION HOSPITALS,31 Hoepker Court,eiveryil@yahoo.co.jp,+95 (904) 579-3373
Bausch & Lomb Incorporated,70837 Amoth Center,rechelleim@prnewswire.com,+502 (499) 469-1309
Aurobindo Pharma Limited,4 Hudson Way,mdowbigginin@parallels.com,+86 (327) 975-8987
"Praxair Distribution, Inc.",7 Ronald Regan Place,mrathbourneio@naver.com,+381 (395) 501-0796
Walgreens,216 Schurz Plaza,fgokesip@lycos.com,+63 (939) 197-7145
"FRED'S, INC.",9929 Linden Park,mkupisiq@tripod.com,+351 (952) 668-8663
"Preferred Pharmaceuticals, Inc",3898 Milwaukee Alley,fwhitlowir@zdnet.com,+86 (459) 431-0471
Lake Erie Medical & Surgical Supply DBA Quality Care Products LLC,3005 Paget Court,mbenduhnis@harvard.edu,+237 (436) 960-0704
"Navarro Discount Pharmacies,LLC",85 Bayside Pass,abecclesit@opera.com,+27 (639) 775-1560
US Pharmaceutical Corporation,19 Main Lane,gmeneghelliiu@sina.com.cn,+261 (473) 326-4794
"NCS HealthCare of KY, Inc dba Vangard Labs",170 Union Point,mveyseyiv@irs.gov,+55 (695) 771-1676
Jubilant HollisterStier LLC,46 Maryland Street,seydeliw@goo.gl,+1 (336) 123-5353
"NCS HealthCare of KY, Inc dba Vangard Labs",05 Katie Way,bbeadleix@nba.com,+86 (200) 564-3791
Mylan Institutional Inc.,32 Bluejay Junction,cchewteriy@jalbum.net,+98 (549) 943-0874
REMEDYREPACK INC.,88780 Eggendart Parkway,aheggesiz@about.com,+62 (661) 831-1477
Camber Pharmaceuticals,28 Coolidge Place,hbarkleyj0@amazon.de,+62 (503) 604-9941
Lake Erie Medical DBA Quality Care Products LLC,200 Toban Terrace,fsouterj1@squarespace.com,+34 (622) 389-1397
Cardinal Health,6688 Carioca Alley,kmuehlej2@narod.ru,+98 (895) 102-7957
"BRANDERS.COM, INC.",8061 Lake View Crossing,koliverpaullj3@nps.gov,+86 (989) 671-8720
Natural Health Supply,3 Maryland Hill,dmanganj4@businesswire.com,+84 (948) 700-2024
Teva Pharmaceuticals USA Inc,6 Debs Pass,ngurkoj5@fda.gov,+86 (847) 682-2491
"Nelco Laboratories, Inc.",95970 Butterfield Road,asaggsj6@smh.com.au,+63 (235) 841-9668
Cardinal Health,1 Northwestern Circle,edakej7@gizmodo.com,+86 (262) 329-3140
American Sales Company,46377 Portage Lane,criochj8@360.cn,+223 (233) 540-2610
"Par Pharmaceutical, Inc.",30794 Becker Park,aledinghamj9@histats.com,+505 (527) 252-4902
St Marys Medical Park Pharmacy,82474 Bobwhite Terrace,ioldakerja@salon.com,+86 (311) 338-4511
REMEDYREPACK INC.,269 Kingsford Place,mtweedyjb@sourceforge.net,+254 (855) 797-8142
"Nelco Laboratories, Inc.",582 Iowa Street,arispinjc@facebook.com,+993 (744) 350-7604
CLINIQUE LABORATORIES INC.,22 Jenna Hill,lsparhamjd@histats.com,+46 (176) 722-9730
West-ward Pharmaceutical Corp,30441 Mariners Cove Place,sbrunoje@seesaa.net,+62 (259) 924-7527
"Hospira, Inc",10112 Scofield Place,rlarawayjf@ftc.gov,+420 (340) 310-8887
"Ohio Valley Acquisition Corp dba Ohio Valley Medical Gas & Supply, Inc.",82 Milwaukee Circle,jlucyjg@tripadvisor.com,+57 (838) 183-8278
"Hospira, Inc.",96399 Florence Hill,afairheadjh@sohu.com,+86 (260) 623-4097
Rebel Distributors Corp,9568 Garrison Park,eboxenji@yellowpages.com,+233 (795) 164-9307
Parfums Christian Dior,74372 Leroy Way,hfindlowjj@dion.ne.jp,+63 (802) 460-5661
"Aptalis Pharma US, Inc.",2 Birchwood Terrace,fflemyngjk@ebay.co.uk,+55 (719) 324-2230
HyVee Inc,62 Maywood Trail,pberingerjl@goo.gl,+254 (198) 415-7950
American Health Packaging,1374 Lunder Parkway,apaulettojm@arstechnica.com,+7 (297) 794-9568
"Antigen Laboratories, Inc.",1 Rockefeller Alley,jcrossbyjn@psu.edu,+81 (421) 738-0777
Summers Laboratories Inc,5236 Mcguire Drive,cedlingjo@berkeley.edu,+86 (515) 491-0718
Torrent Pharmaceuticals Limited,8278 Kim Street,jocosgrajp@oakley.com,+84 (338) 994-0129
"Watson Laboratories, Inc.",2033 Susan Parkway,rsnyderjq@spotify.com,+63 (132) 865-7207
NASH-FINCH COMPANY,081 Bunker Hill Trail,bseeryjr@sfgate.com,+7 (437) 249-1516
Baxter Healthcare Corporation,84178 Forster Court,vpetrakovjs@indiegogo.com,+7 (615) 249-5658
Equaline,04058 Nelson Circle,mmoffatjt@tripod.com,+62 (239) 330-6608
"Aaron Industries, Inc.",74 Westend Point,gcollinetteju@bandcamp.com,+48 (346) 646-9595
"American Regent, Inc.",54 Main Court,kmarkwickjv@github.io,+358 (676) 178-4789
Bryant Ranch Prepack,0 Gulseth Street,bcolhounjw@bluehost.com,+992 (209) 565-5513
"Newton Laboratories, Inc.",0538 Harper Court,ggregorinjx@typepad.com,+86 (213) 923-4564
"Physicians Total Care, Inc.",20 Harbort Circle,aaasafjy@technorati.com,+86 (217) 851-0505
"SHISEIDO CO., LTD.",311 Atwood Street,jsabyjz@360.cn,+48 (243) 707-8155
"Physicians Total Care, Inc.",64 Red Cloud Drive,ffilippuccik0@amazon.com,+972 (991) 128-2060
"Fresenius Kabi USA, LLC",7509 Lyons Lane,nmcknockiterk1@blogtalkradio.com,+7 (235) 442-0603
McKesson Contract Packaging,5 Tony Court,tlanktreek2@latimes.com,+33 (946) 613-9413
Procter & Gamble Manufacturing Company,625 Manitowish Circle,hsullyk3@state.gov,+84 (771) 683-5273
Walgreen Company,23 Sommers Lane,lrobertetk4@patch.com,+86 (565) 844-5014
Neutrogena Corporation,7 Steensland Terrace,ldoggartk5@bizjournals.com,+48 (297) 204-4120
Merck Sharp & Dohme Corp.,720 Golf Court,jhastingsk6@cdbaby.com,+81 (157) 739-2315
Heritage Pharmaceuticals Inc,4 Oneill Park,paldwichk7@addthis.com,+353 (426) 645-4131
Uriel Pharmacy Inc.,08521 Farwell Place,nnorcliffk8@shop-pro.jp,+52 (572) 804-5713
"American Regent, Inc.",58 Autumn Leaf Drive,gdutchk9@nsw.gov.au,+7 (169) 190-8613
Merck Sharp & Dohme Corp.,4037 Mallory Pass,davramowka@bizjournals.com,+7 (361) 486-3842
"Nasal and Sinus Health, Inc.",83 Swallow Way,thurfordkb@networkadvertising.org,+998 (659) 290-8603
Western Family Foods Inc,55649 Hoepker Center,greynerkc@tmall.com,+62 (132) 144-6908
Meijer Distribution Inc,43 Almo Junction,cgiacomonikd@scientificamerican.com,+226 (540) 778-1772
"Roxane Laboratories, Inc",865 Hansons Crossing,dtaddke@miitbeian.gov.cn,+1 (336) 243-4129
Unit Dose Services,58 Londonderry Hill,alyosikkf@ted.com,+62 (711) 765-0878
HIMPRIT PHARMACHEM PVT LTD,70 Monica Place,gcroutearkg@goo.gl,+34 (704) 720-1991
"Antigen Laboratories, Inc.",948 Westend Circle,bmalpasskh@jimdo.com,+1 (433) 581-0476
Rite Aid Corporation,290 Mayfield Point,pmclindenki@illinois.edu,+48 (328) 103-7104
CHAIN DRUG MARKETING ASSOCIATION INC,79450 Merchant Hill,emcgralekj@shutterfly.com,+7 (507) 322-5639
"Teh Seng Pharmaceutical Mfg. Co., Ltd.",8 Lien Trail,mmairkk@dion.ne.jp,+54 (822) 268-0250
All American Welding Supply Inc,2043 Larry Lane,mplummkl@surveymonkey.com,+234 (408) 614-8239
"NATURE REPUBLIC CO., LTD.",6 Hayes Park,cdaburnkm@newyorker.com,+82 (376) 355-4294
Jubilant HollisterStier LLC,318 Chive Parkway,ewaterstonekn@bbc.co.uk,+57 (323) 940-1745
"Jets, Sets, & Elephants Beauty Corp.",537 Moland Parkway,cairsko@cbc.ca,+62 (452) 988-1994
CHANEL PARFUMS BEAUTE,42257 Butternut Road,rrolstonekp@jalbum.net,+57 (806) 879-7365
Natural Health Supply,2562 Sloan Crossing,ijanningskq@merriam-webster.com,+81 (772) 986-7006
"Nelco Laboratories, Inc.",73891 Eggendart Park,hhurcombekr@npr.org,+266 (152) 739-7196
"NCS HealthCare of KY, Inc dba Vangard Labs",5173 Ludington Trail,mfilisovks@zimbio.com,+1 (904) 964-9202
Bryant Ranch Prepack,4 Vernon Court,gattokt@ebay.com,+63 (219) 469-8428
Kmart Corporation,0677 Mariners Cove Way,ltopleyku@google.co.uk,+351 (277) 735-8003
"Golden State Medical Supply, Inc.",19139 Thompson Hill,jscotchmerkv@indiegogo.com,+33 (923) 343-1984
REMEDYREPACK INC.,74 Toban Parkway,syoodallkw@newyorker.com,+7 (595) 980-6736
Jubilant HollisterStier LLC,4103 West Court,kyeliashevkx@icq.com,+63 (287) 822-2312
Rite Aid Corporation,242 Everett Road,smardellky@mtv.com,+45 (979) 466-8353
"Allermed Laboratories, Inc.",12259 Cardinal Trail,fsouthcoatkz@google.fr,+57 (786) 293-7645
"Aekyung Ind. Co., Ltd.",782 Leroy Drive,fmanicoml0@jiathis.com,+30 (547) 531-9713
REMEDYREPACK INC.,82 Marquette Alley,wewolsl1@google.ru,+33 (282) 186-0637
REMEDYREPACK INC.,79285 Londonderry Junction,bgriffel2@washingtonpost.com,+351 (137) 829-2961
"ALK-Abello, Inc.",324 Division Pass,prantoull3@dyndns.org,+234 (764) 571-3971
Teva Pharmaceuticals USA Inc,3649 Kinsman Drive,hmarshall4@jimdo.com,+51 (135) 891-8018
Bausch & Lomb Incorporated,20608 Almo Park,jkemetzl5@economist.com,+86 (943) 711-2084
ESTEE LAUDER INC,0 Sunnyside Point,cwankl6@symantec.com,+359 (304) 938-5122
"Nelco Laboratories, Inc.",0 Transport Street,vsaulterl7@rediff.com,+30 (559) 414-3509
MAX HUBER RESEARCH LAB INC,4 Lunder Drive,dlippingwelll8@woothemes.com,+86 (455) 221-7299
Proficient Rx LP,95459 Morningstar Street,achoatl9@addtoany.com,+86 (662) 347-6422
Target Corporation,50976 Eliot Point,wbiggansla@wsj.com,+48 (580) 395-9031
"DOLGENCORP, LLC",3391 Sage Point,hvankovlb@mtv.com,+54 (233) 481-5809
"Apple Products, Inc.",9 New Castle Crossing,jeacottlc@nsw.gov.au,+56 (753) 215-1230
St Marys Medical Park Pharmacy,77 Walton Avenue,jsynnottld@hostgator.com,+53 (438) 339-3143
"Physicians Total Care, Inc.",86745 Messerschmidt Place,kmetrickle@gravatar.com,+420 (720) 673-4203
"Shopko Stores Operating Co., LLC",94 Haas Circle,tbrambleylf@moonfruit.com,+86 (866) 764-2863
"Lupin Pharmaceuticals, Inc.",74776 Vera Alley,hhearmonlg@amazonaws.com,+86 (154) 395-4752
Teva Pharmaceuticals USA Inc,00 Clove Parkway,obauchoplh@princeton.edu,+44 (794) 153-4288
Kmart Corporation,651 American Ash Pass,ajerrandli@nifty.com,+62 (646) 148-5430
Conopco Inc. d/b/a Unilever,0 Sherman Road,capslj@google.ca,+62 (463) 240-0142
Prasco Laboratories,2 Bluestem Point,tcoyshlk@nba.com,+351 (191) 706-9035
"Church & Dwight Co., Inc.",5 Tomscot Court,jtewll@disqus.com,+63 (978) 198-8175
"Safecor Health, LLC",576 2nd Pass,drupellm@jimdo.com,+55 (826) 902-3623
St Marys Medical Park Pharmacy,7271 Acker Court,rhuckerln@shareasale.com,+509 (126) 321-1318
America Medic,19308 Division Trail,zbrughlo@smh.com.au,+86 (477) 710-5508
LABORATOIRES M&L,739 Sauthoff Circle,cducketlp@cisco.com,+86 (592) 950-1328
Schmid and Son Packaging,564 Pierstorff Pass,msedenlq@t.co,+86 (316) 260-9496
Best Choice,9 Hermina Junction,fstedelllr@cyberchimps.com,+48 (311) 669-6654
"Forest Laboratories, Inc.",4091 Pepper Wood Center,asissonsls@utexas.edu,+967 (665) 320-3394
King Bio Inc,976 Calypso Avenue,pplainlt@tinyurl.com,+51 (727) 158-9067
"Dispensing Solutions, Inc.",71565 Anthes Lane,apietzlu@usnews.com,+86 (248) 894-4946
"Hospira, Inc",5263 Sachs Park,cmacsorleylv@alexa.com,+63 (155) 540-3379
Rejoice International,467 Dahle Crossing,olaurandlw@tinypic.com,+355 (670) 278-5808
"Physicians Total Care, Inc.",6440 Garrison Drive,vrubenoviclx@telegraph.co.uk,+51 (427) 160-6747
FORTUNE PHARMACAL COMPANY LIMITED,5733 Scoville Pass,eeastuply@ask.com,+352 (799) 628-4710
SPAI-SONS PHAMACEUTICAL INTERNATIONAL COSMETICS,53713 Holy Cross Avenue,rtarzeylz@lulu.com,+380 (268) 520-2704
Energetix Corp,80 Arapahoe Alley,rkelemenm0@google.co.uk,+420 (277) 691-5866
St Marys Medical Park Pharmacy,101 Scofield Street,pcroxfordm1@usatoday.com,+269 (810) 448-7480
"Shore Therapeutics, Inc",474 Petterle Drive,psilverlockm2@bloglines.com,+507 (161) 341-3089
"CIMA Laboratories, Inc.",95543 Alpine Hill,rprimakm3@bigcartel.com,+27 (109) 847-0548
Dynarex Corporation,3709 Autumn Leaf Pass,codonnellm4@wikimedia.org,+86 (532) 628-9718
TARGET CORPORATION,232 Jana Terrace,gpipworthm5@twitpic.com,+256 (251) 574-6519
Mckesson,50870 Bashford Court,dparnhamm6@intel.com,+46 (648) 513-7811
"American Regent, Inc.",466 Nevada Pass,hhawem7@livejournal.com,+86 (859) 420-9358
Kroger Company,4 Sutteridge Road,lgibberdm8@so-net.ne.jp,+86 (690) 418-6831
Major Pharmaceuticals,1 Westport Plaza,jolverm9@odnoklassniki.ru,+86 (210) 521-5159
Ranbaxy Pharmaceuticals Inc.,88 Arkansas Drive,rhazletonma@thetimes.co.uk,+62 (503) 944-9561
"Valley Medical Products,LLC",513 Fallview Crossing,tcarreyettemb@github.io,+62 (322) 689-0572
"Lab Safety Supply, Inc.",2847 Washington Drive,bshillingfordmc@sakura.ne.jp,+1 (714) 542-6946
"BioComp Pharma, Inc.",4 Beilfuss Pass,lsobczakmd@ucoz.ru,+383 (646) 859-7822
"Physicians Total Care, Inc.",452 Sullivan Park,falbuttme@simplemachines.org,+255 (886) 695-8474
Aurobindo Pharma Limited,7440 Miller Pass,xkestinmf@exblog.jp,+54 (376) 354-9805
"Blenheim Pharmacal, Inc.",2 Moose Street,brosboroughmg@blog.com,+237 (276) 237-6263
Apotheca Company,83 Eagan Hill,ldodgshunmh@google.cn,+86 (508) 455-7519
"Nelco Laboratories, Inc.",31 Sullivan Court,rneylanmi@unesco.org,+7 (903) 156-1984
Sam's West Inc,380 Hazelcrest Road,bmackindermj@google.fr,+249 (798) 579-6575
Wockhardt USA LLC.,179 Iowa Park,rvandalemk@twitpic.com,+1 (530) 387-4707
"Antigen Laboratories, Inc.",8871 Laurel Plaza,hfisbyml@bandcamp.com,+48 (924) 681-5986
"Preferred Pharmaceuticals, Inc",393 Jenifer Drive,bruggierimm@privacy.gov.au,+48 (338) 311-4921
TYA Pharmaceuticals,778 Daystar Drive,gburnhardmn@liveinternet.ru,+62 (242) 517-9980
MAKEUP ART COSMETICS,291 Carpenter Crossing,jdayntermo@china.com.cn,+252 (282) 785-0915
Dr. Reddy's Laboratories Limited,7 Reinke Point,ndunslevemp@vimeo.com,+86 (615) 369-4009
"Salimex, S.A.",68 Mitchell Circle,cwoodyermq@w3.org,+86 (695) 328-0486
"Jazz Pharmaceuticals, Inc.",43731 Northland Street,mcaskiemr@symantec.com,+381 (944) 232-3480
Neutrogena Corporation,1 Linden Drive,jbendms@huffingtonpost.com,+386 (128) 926-0726
CVS PHARMACY,00 Warner Court,fcardellomt@google.co.jp,+1 (255) 588-3103
Rebel Distributors Corp,9771 Ohio Center,alubomirskimu@163.com,+86 (111) 196-7898
Sun Products Corporation,63 Waubesa Drive,pklehynmv@cisco.com,+86 (157) 771-1820
Publix Super Markets Inc,173 Dovetail Point,lgodfreemw@shop-pro.jp,+687 (875) 285-5790
REMEDYREPACK INC.,606 Dunning Lane,idousemx@last.fm,+962 (662) 486-3276
"Church & Dwight Co., Inc.",3062 Wayridge Plaza,ddykinsmy@over-blog.com,+46 (627) 325-5864
Ventura Corporation LTD.,7733 Glendale Lane,cmartynikhinmz@1und1.de,+351 (846) 534-9379
Ventura Corporation LTD,25490 Jana Way,chearonn0@chron.com,+212 (241) 902-9011
"Glenmark Generics Inc., USA",887 Summerview Center,mransomn1@de.vu,+86 (480) 493-3554
Cardinal Health,186 Rowland Point,cmccooln2@issuu.com,+86 (891) 771-9339
"SHISEIDO CO., LTD.",5 Swallow Drive,aoliven3@google.cn,+62 (945) 336-6508
Eli Lilly and Company,64 Saint Paul Street,acauldwelln4@printfriendly.com,+95 (356) 524-8806
"ALK-Abello, Inc.",5642 Goodland Park,opleasancen5@cafepress.com,+7 (812) 902-6707
"Dispensing Solutions, Inc.",114 Cody Lane,sdarrigonen6@google.com,+46 (652) 842-0503
"NCS HealthCare of KY, Inc dba Vangard Labs",218 Esch Way,snillesn7@house.gov,+48 (594) 302-3096
"Par Pharmaceutical, Inc.",116 Carberry Parkway,pmaidlown8@webmd.com,+46 (712) 495-6191
Mylan Pharmaceuticals Inc.,94 Service Street,cridgewayn9@nifty.com,+62 (988) 993-8812
Cardinal Health,2 Delaware Junction,cwynena@va.gov,+7 (600) 984-5423
"GAVIS Pharmaceuticals, LLC",4454 Cherokee Point,ehiscoenb@yahoo.co.jp,+34 (715) 293-5459
"i-Health, Inc.",78 Hovde Street,tpeisernc@cocolog-nifty.com,+81 (335) 945-9598
Unit Dose Services,2410 Magdeline Street,tbradnockend@senate.gov,+420 (270) 994-4200
American Health Packaging,622 Grover Court,chewellne@phoca.cz,+380 (913) 961-7923
Sandoz Inc,065 Fairview Place,agjerdenf@bloglines.com,+351 (926) 843-1900
"Actavis Pharma, Inc.",766 Clarendon Center,aputtnamng@google.es,+380 (713) 806-5004
ENCHANTE ACCESSORIES INC.,8558 Summit Circle,gfishernh@dion.ne.jp,+351 (808) 788-6070
"Nature's Way Products, Inc.",2692 3rd Park,kloveladyni@infoseek.co.jp,+46 (939) 178-7488
Fenwal Inc.,6 Crownhardt Place,bcardosonj@over-blog.com,+86 (696) 226-1949
"Centrix, Inc.",696 Onsgard Center,arillstonenk@nbcnews.com,+48 (784) 230-1845
ReadyMeds,475 Farragut Pass,yrodgenl@goo.ne.jp,+46 (242) 653-1031
"Taro Pharmaceuticals U.S.A., Inc.",0 Dahle Way,omattheissennm@biblegateway.com,+355 (871) 522-0963
"Allure Cosmetic, Inc.",03 Hudson Lane,krogersonnn@ning.com,+7 (399) 596-0036
"Poly Pharmaceuticals, Inc.",26855 Melvin Place,vborleyno@vkontakte.ru,+55 (666) 422-3721
"BioActive Nutritional, Inc",922 Orin Center,mbrewsenp@rakuten.co.jp,+86 (544) 360-0998
Mylan Institutional LLC,10176 Melvin Center,lsweedynq@i2i.jp,+62 (710) 114-4160
TAGI Pharma Inc.,775 Butterfield Plaza,adonnisonnr@github.com,+48 (897) 142-4218
"Geri-Care Pharmaceuticals, Corp",7986 3rd Park,cthomersonns@booking.com,+63 (762) 544-1961
Jubilant HollisterStier LLC,954 Lake View Road,rlemanunt@bigcartel.com,+48 (144) 233-5041
Major Pharmaceuticals Inc,8 Forster Way,bgunneynu@themeforest.net,+62 (974) 829-5389
"Aphena Pharma Solutions - Tennessee, LLC",1325 Dottie Terrace,kcoddringtonnv@newsvine.com,+86 (431) 609-0836
Blistex Inc,8 Schmedeman Crossing,abevannw@indiatimes.com,+420 (689) 501-6159
"Avon Products, Inc.",5634 Southridge Place,gowthwaitenx@csmonitor.com,+46 (250) 353-5850
Legacy Pharmaceutical Packaging,00 Rigney Center,dgrimwoodny@aol.com,+7 (876) 317-7903
"American Regent, Inc.",9 Russell Lane,eyvennz@123-reg.co.uk,+351 (636) 129-5899
Carolina Medical Products Company,34 Banding Center,apattesallo0@marketwatch.com,+86 (952) 980-2372
"Hospira, Inc.",139 Michigan Pass,aboultono1@wix.com,+98 (811) 531-0549
"Hospira, Inc.",23 Mccormick Street,rkitchensideo2@tripadvisor.com,+61 (280) 539-8539
Henry Schein Inc.,548 Declaration Way,lebourneo3@google.co.jp,+62 (133) 363-9506
Kroger Co,204 Shopko Street,clambregtso4@china.com.cn,+86 (533) 864-3891
AstraZeneca Pharmaceuticals LP,49434 Ryan Road,clamaro5@ocn.ne.jp,+509 (697) 703-0112
"Allergy Laboratories, Inc.",920 La Follette Plaza,abreretono6@disqus.com,+81 (292) 941-4321
REMEDYREPACK INC.,31 La Follette Center,amounfieldo7@ocn.ne.jp,+86 (210) 602-4837
CVS Pharmacy,03 Brickson Park Alley,eherculeso8@forbes.com,+60 (267) 830-8496
"DAVA Pharmaceuticals, Inc.",985 Mandrake Center,mleppoo9@google.com.hk,+63 (793) 515-8850
"CVS PHARMACY, INC.",67897 Shopko Hill,mblacketoa@comsenz.com,+86 (758) 952-5976
"Nature's Innovation, Inc.",6 Maple Place,dhonischob@simplemachines.org,+976 (475) 430-6735
McKesson Medical-Surgical,065 Crescent Oaks Circle,llowcockoc@slideshare.net,+1 (602) 210-5193
Natural Health Supply,92 Hoard Pass,gpeggramod@unicef.org,+30 (620) 924-7549
"NCS HealthCare of KY, Inc dba Vangard Labs",16 Warbler Way,jsteadoe@4shared.com,+62 (149) 299-3632
Cardinal Health,5748 Johnson Junction,tshellibeerof@bluehost.com,+970 (420) 868-2430
LVMH Fragrance Brands,28 Farmco Pass,rhurlog@adobe.com,+7 (972) 932-8188
3M ESPE Dental Products,41 Dapin Drive,mpeachmanoh@bigcartel.com,+62 (610) 576-7567
Kmart Corporation,4 Victoria Crossing,bwybrewoi@exblog.jp,+54 (852) 512-4420
Chia Gi LTD,84 Maryland Way,cluesleyoj@wordpress.org,+1 (557) 903-0080
Target Corporation,247 Hoffman Lane,mwyssok@reuters.com,+351 (521) 523-7394
Cardinal Health (Leader) 37205,969 Dunning Center,bbaumfordol@alexa.com,+86 (461) 298-9160
Cardinal Health,88 Namekagon Alley,mdransfieldom@state.tx.us,+81 (289) 151-5612
Bryant Ranch Prepack,25952 Petterle Crossing,jseaberton@4shared.com,+48 (426) 482-1895
Parfums Christian Dior,8982 Bunker Hill Point,rkernockoo@blog.com,+234 (848) 637-7825
Kosan Kozmetik Sanayi ve Ticaret A.S.,2 Talmadge Plaza,mmccarrellop@ft.com,+86 (110) 520-6350
Sun Pharmaceutical Industries Limited,4380 Bartillon Alley,lvasyukhinoq@umn.edu,+46 (559) 318-0280
"Natural Creations, Inc.",159 2nd Crossing,umcgarelor@tiny.cc,+86 (637) 119-4630
"ABLE C&C CO., LTD.",271 Vermont Crossing,rgrisdaleos@w3.org,+62 (546) 582-8665
International Nature Nutraceuticals,37199 Oriole Plaza,hnewnsot@trellian.com,+81 (967) 477-7062
Hyland's,76 Hintze Lane,rhanlinou@uiuc.edu,+1 (517) 720-0823
"Mycone Dental Supply Co., Inc DBA Keystone Industries and Deepak Products Inc.",099 Declaration Parkway,lurwenov@1und1.de,+62 (983) 761-4808
American Red Cross,25 Shoshone Park,mmenghiow@miitbeian.gov.cn,+92 (427) 619-2792
"Cover FX Skin Care, Inc.",670 Meadow Valley Point,lwilfingerox@time.com,+62 (777) 981-4690
"Rising Pharmaceuticals, Inc.",756 Cherokee Court,vhatcheroy@netlog.com,+81 (269) 259-9427
Dr.Reddy's Laboratories Limited,83768 Elka Park,sbulliventoz@networkadvertising.org,+48 (611) 963-5142
Rebel Distributors Corp,67 Jenna Park,mwateridgep0@umich.edu,+86 (559) 632-1485
"Newton Laboratories, Inc.",6030 Delladonna Plaza,sesselp1@yale.edu,+62 (350) 383-5498
Hyland's,5 Duke Crossing,lminghip2@reference.com,+86 (738) 952-7832
Haemonetics Manufacturing Inc,29656 Dayton Lane,pbulfitp3@freewebs.com,+267 (663) 308-2340
Reckitt Benckiser LLC,1698 Pierstorff Lane,ggiottop4@nytimes.com,+7 (969) 871-7570
Jubilant HollisterStier LLC,45184 Transport Center,aiannip5@washingtonpost.com,+63 (195) 267-6826
"Liddell Laboratories, Inc.",12288 Bunting Point,cneatep6@nytimes.com,+48 (636) 901-2195
Rebel Distributors Corp,199 Melrose Pass,aedlerp7@theglobeandmail.com,+55 (750) 803-9680
"H.J. Harkins Company, Inc.",525 South Alley,lickep8@goo.ne.jp,+7 (219) 774-3049
State of Florida DOH Central Pharmacy,3822 Buhler Circle,pgullyp9@squidoo.com,+62 (210) 159-0741
Lundbeck LLC,1 8th Way,rpinchpa@latimes.com,+48 (874) 482-5864
Mylan Pharmaceuticals Inc.,61 Anhalt Trail,bfulmenpb@icq.com,+7 (759) 906-7737
Tri-Coastal Design Company Inc.,75702 Sunnyside Point,elockartpc@mac.com,+420 (272) 754-5687
"Nature's Way Products, Inc.",8411 Dorton Junction,rsimonuttipd@apache.org,+386 (715) 429-8760
"Blu Pharmaceuticals, LLC",7 Jenna Alley,dberkspe@narod.ru,+54 (541) 696-3487
"New World Imports, Inc",7 Hudson Way,rsimmanspf@gov.uk,+86 (892) 285-7279
Zydus Pharmaceuticals (USA) Inc.,3 Village Green Lane,bsullerpg@pbs.org,+49 (446) 485-9771
Teva Pharmaceuticals USA Inc,68 Hintze Parkway,mquakleyph@dedecms.com,+84 (759) 328-0094
"Nelco Laboratories, Inc.",27 Kennedy Street,lfehelypi@blogs.com,+46 (644) 550-2361
REMEDYREPACK INC.,3843 Loeprich Plaza,ebeaumanpj@nature.com,+374 (708) 647-7007
"Mayinglong Pharmaceutical Group Co., Ltd",29 Goodland Parkway,orimourpk@epa.gov,+86 (946) 329-8252
Mylan Pharmaceuticals Inc.,2872 Mallard Hill,hsherrardpl@google.ca,+86 (774) 262-0292
Walgreens,590 Brown Court,estylespm@gov.uk,+62 (815) 839-3209
Rebel Distributors Corp,95 Merrick Circle,tbanasikpn@flickr.com,+46 (838) 846-9008
Mylan Institutional Inc.,2 Rieder Center,cmarzellapo@skype.com,+7 (361) 784-6640
Unit Dose Services,581 Paget Pass,kpischoffpp@jiathis.com,+351 (465) 541-5767
"SHISEIDO CO., LTD.",41 Gina Way,ktichelaarpq@qq.com,+30 (894) 818-7110
REMEDYREPACK INC.,13476 Lukken Court,tidendenpr@123-reg.co.uk,+86 (348) 739-4716
BAXTER HEALTHCARE CORPORATION,1142 Cambridge Lane,cbottomleyps@go.com,+420 (892) 612-8230
Unit Dose Services,2 Rusk Plaza,epinockpt@techcrunch.com,+7 (556) 183-0506
REMEDYREPACK INC.,653 Kim Plaza,ypolpu@bbb.org,+225 (486) 997-6344
Kay Chemical Company,397 Superior Junction,chilliampv@rakuten.co.jp,+591 (967) 200-0054
HyVee Inc,61289 Dawn Court,lwempw@aboutads.info,+371 (564) 423-8358
Uriel Pharmacy Inc,30868 Mosinee Avenue,psteinerpx@nhs.uk,+63 (637) 713-6323
"WOONSOCKET PRESCRIPTION CENTER,INCORPORATED",3979 Eagan Circle,futtonpy@phoca.cz,+63 (895) 739-2397
sanofi-aventis U.S. LLC,53 Stuart Place,lhisepz@cam.ac.uk,+351 (970) 730-8448
West-ward Pharmaceutical Corp.,97 Anniversary Court,psellnerq0@ed.gov,+62 (712) 773-7120
REMEDYREPACK INC.,315 American Ash Parkway,ukinneyq1@networkadvertising.org,+255 (907) 825-7147
Wakefern Food Corporation,7 Twin Pines Terrace,mdomninq2@imdb.com,+591 (607) 517-7928
"Magna Pharmaceutcals, Inc.",88 Marcy Way,nmarshmanq3@about.com,+52 (660) 890-9792
McKesson,0 Express Street,gmcinallyq4@abc.net.au,+48 (510) 518-0901
STAT RX USA LLC,045 Sullivan Point,lnieceq5@baidu.com,+86 (150) 608-0514
"JUBILANT CADISTA PHARMACEUTICALS, INC.",48784 Montana Court,gdufaireq6@theatlantic.com,+33 (390) 413-6997
"KLE 2, Inc.",189 Steensland Parkway,dnicklenq7@army.mil,+381 (178) 716-3899
Laboratoires Clarins S.A.,726 Mifflin Drive,sbrockherstq8@hubpages.com,+62 (547) 844-9834
HyVee Inc,774 Hazelcrest Plaza,jtynewellq9@cyberchimps.com,+380 (673) 922-6232
Dispensing Solutions Inc.,8637 Fairfield Street,egaginqa@aol.com,+47 (430) 508-5600
West-ward Pharmaceutical Corp.,45 Marcy Parkway,kcoudrayqb@intel.com,+62 (933) 724-5504
Natural Health Supply,38 Dottie Pass,cdadswellqc@fastcompany.com,+234 (714) 944-9928
Premier Value,9 Dixon Avenue,dberkelayqd@instagram.com,+46 (763) 336-6917
"Healthy Accents (DZA Brands, LLC)",3364 Lindbergh Way,rquailqe@oakley.com,+62 (795) 336-5263
Procter and Gamble Manufacturing Company,437 Crest Line Junction,pmuntqf@bloomberg.com,+86 (280) 241-0730
Apotheca Company,1 Cherokee Avenue,lwebenqg@friendfeed.com,+1 (704) 158-7617
Zydus Pharmaceuticals USA Inc,746 Novick Pass,gantonijevicqh@yahoo.co.jp,+7 (945) 108-1293
"American Regent, Inc.",88 Texas Junction,mballayqi@deliciousdays.com,+86 (784) 903-8673
Cangene bioPharma Inc.,653 Glacier Hill Parkway,dgrowcockqj@nasa.gov,+225 (979) 288-4498
CVS Pharmacy,42278 East Drive,mbarkesqk@wp.com,+33 (747) 613-1387
Valu Merchandisers Co.,1649 Granby Park,ametcalfeql@cafepress.com,+1 (952) 754-9308
SAM'S WEST INC.,218 Union Crossing,rrosenshineqm@ycombinator.com,+81 (441) 657-2238
"Taro Pharmaceuticals U.S.A., Inc.",9890 Oakridge Lane,pbautisteqn@guardian.co.uk,+62 (914) 983-8827
Mylan Institutional LLC,3854 Barby Hill,agrabbanqo@yahoo.com,+48 (218) 635-2805
"Golden State Medical Supply, Inc.",54576 Graedel Court,thendrixqp@answers.com,+998 (202) 837-8334
Rugby Laboratories Inc,8511 Mcguire Street,jromeroqq@weebly.com,+48 (701) 137-3622
"Hospira, Inc.",97 Daystar Plaza,ojoneqr@utexas.edu,+98 (647) 859-5586
European Perfume Works Co. L.L.C,9 Pierstorff Crossing,pegginsqs@prweb.com,+63 (716) 841-6846
"Antigen Laboratories, Inc.",406 Monument Drive,tmuskqt@youtube.com,+82 (568) 113-9859
"Physicians Total Care, Inc.",71 Jay Crossing,mdeabillqu@hc360.com,+30 (363) 695-2274
"Merz Pharmaceuticals, LLC",580 Bartelt Avenue,hveldensqv@army.mil,+47 (996) 506-5692
"Medline Industries, Inc",36420 Daystar Way,rmarquisqw@weibo.com,+850 (383) 447-9504
RITE AID CORPORATION,5 Rowland Plaza,mkillbyqx@nymag.com,+81 (584) 124-3409
King Bio Inc.,10959 La Follette Point,nrubicaqy@w3.org,+98 (913) 219-2263
Larasan Pharmaceutical Corporation,4249 Boyd Terrace,mengelbrechtqz@tripod.com,+53 (583) 707-2628
American Sales Company,040 Tony Pass,ahakkingr0@yandex.ru,+1 (913) 506-3082
Aurobindo Pharma Limited,90 Vera Circle,lraiser1@cnn.com,+86 (158) 188-9867
Cardinal Health,541 Cambridge Circle,jsherrardr2@oakley.com,+30 (425) 343-3160
Bryant Ranch Prepack,066 Blue Bill Park Point,svelasquezr3@dedecms.com,+60 (188) 129-4200
STAT Rx USA LLC,92281 Forest Terrace,emcelaner4@weather.com,+967 (810) 559-9067
American Sales Company,2 Tony Pass,rbissettr5@goodreads.com,+7 (201) 741-5469
State of Florida DOH Central Pharmacy,19 Arapahoe Pass,gmaycockr6@ibm.com,+86 (446) 117-1514
Stat Rx USA,61 Magdeline Place,mdemezar7@merriam-webster.com,+86 (349) 884-6218
"Glenmark Generics Inc., USA",6 Manufacturers Junction,bwherryr8@naver.com,+48 (767) 623-8664
Procter & Gamble Manufacturing Co.,388 Pine View Center,lmquhargr9@house.gov,+86 (389) 660-1089
Qualitest Pharmaceuticals,9842 Burrows Plaza,bhaimera@mozilla.com,+1 (860) 918-5081
Cosbel S.A de C.V.,63 Ridgeview Center,nheersrb@timesonline.co.uk,+86 (888) 465-2846
H E B,4382 Mendota Road,cblaxelandrc@cnet.com,+7 (593) 969-7500
bryant ranch prepack,96322 Morningstar Park,sarnowrd@blogtalkradio.com,+251 (877) 843-5320
"Allergan, Inc.",7450 Rowland Junction,kgumbyre@mit.edu,+62 (705) 921-9693
Lake Erie Medical DBA Quality Care Products LLC,2264 High Crossing Plaza,ppatingtonrf@squarespace.com,+386 (377) 902-2283
Boehringer Ingelheim Pharmaceuticals Inc.,9 Cherokee Crossing,bprobbinrg@rambler.ru,+62 (862) 645-0648
Pfizer Laboratories Div Pfizer Inc,213 Kipling Center,nospellisseyrh@tinypic.com,+504 (722) 931-1254
Good Sense,681 Carberry Terrace,mbiagioniri@google.ru,+86 (946) 730-6392
Teva Pharmaceuticals USA Inc,0 Anthes Road,zfreegardrj@diigo.com,+47 (219) 296-6946
"NCS HealthCare of KY, Inc dba Vangard Labs",776 Nevada Trail,ijansemark@digg.com,+86 (643) 713-0852
"PETNET Solutions, Inc.",59378 Fuller Place,srubinchikrl@google.it,+358 (838) 735-1373
ConvaTec Inc.,884 Mallard Center,dixorrm@constantcontact.com,+86 (234) 388-2519
"Paddock Laboratories, LLC.",5910 Cordelia Parkway,fissardrn@jigsy.com,+86 (783) 136-1152
Kmart Corporation,3644 Oxford Drive,spocockero@so-net.ne.jp,+7 (236) 201-2293
"PD-Rx Pharmaceuticals, Inc.",5 Stuart Hill,igurwoodrp@vimeo.com,+33 (911) 638-4451
Actavis Pharma Manufacturing Pvt. Ltd.,3324 Fuller Junction,erojasrq@mac.com,+62 (464) 228-8782
"Fresenius Kabi USA, LLC",74 Graedel Lane,abissettrr@addtoany.com,+63 (663) 497-4207